land_area_hectares,affected_families,compensation_assessed_crores,compensation_ratio,litigation_cases_count,statutory_months,rr_settled_ratio,is_linear_project,high_litigation_state,historical_dispute_index,risk_score,is_delayed
1334.0,5926,3167.0,0.9631,14,18.0,0.95,0,1,0.124,32.0,0
502.6,2232,1193.3,0.9502,17,19.3,0.9168,0,1,0.271,37.9,0
771.6,3427,1831.8,0.9117,23,17.8,0.8882,0,1,0.395,41.1,0
1182.4,5252,2807.1,0.8989,25,17.5,0.8788,0,1,0.15,42.6,0
656.1,2914,1557.7,0.9823,12,18.9,0.9405,0,1,0.23,31.7,0
836.4,3715,1985.6,0.886,27,19.1,0.8692,0,1,0.274,48.1,0
606.4,2693,1439.5,0.9117,23,17.0,0.8882,0,1,0.246,39.5,0
1791.5,7958,4253.2,0.9759,13,18.4,0.9358,0,1,0.393,31.7,0
502.4,2231,1192.7,0.99,10,18.7,0.95,0,1,0.23,29.3,0
700.9,3113,1663.9,0.9631,15,18.3,0.9263,0,1,0.289,33.6,0
597.7,2655,1419.0,0.9695,14,18.7,0.931,0,1,0.123,33.4,0
1526.4,6780,3623.8,0.9823,12,18.3,0.9405,0,1,0.384,30.4,0
2294.7,10193,5447.7,0.886,27,19.2,0.8692,0,1,0.14,48.4,0
922.0,4095,2188.9,0.9181,22,18.7,0.893,0,1,0.281,42.0,0
1102.9,4899,2618.4,0.9759,13,17.5,0.9358,0,1,0.246,29.8,0
1213.9,5392,2882.0,0.886,27,18.7,0.8692,0,1,0.309,47.3,0
487.8,2166,1158.0,0.99,9,18.3,0.9548,0,1,0.165,27.6,0
864.6,3840,2052.7,0.9887,11,18.8,0.9452,0,1,0.3,30.4,0
672.9,2989,1597.5,0.9887,11,18.8,0.9452,0,1,0.387,30.4,0
1166.7,5182,2769.9,0.9695,14,18.8,0.931,0,1,0.168,33.6,0
1072.7,4765,2546.6,0.9887,11,18.4,0.9452,0,1,0.268,29.5,0
2356.4,10467,5594.3,0.9245,21,18.8,0.8978,0,1,0.292,41.1,0
1883.9,8368,4472.5,0.9631,15,18.1,0.9263,0,1,0.264,33.2,0
1709.2,7592,4057.7,0.886,27,19.1,0.8692,0,1,0.273,48.1,0
1978.6,8789,4697.3,0.99,10,19.3,0.95,0,1,0.321,30.6,0
1983.7,8812,4709.3,0.99,9,19.4,0.9548,0,1,0.351,29.9,0
1434.3,6371,3405.1,0.9695,14,19.5,0.931,0,1,0.141,35.1,0
1842.3,8184,4373.8,0.9887,11,19.0,0.9452,0,1,0.305,30.8,0
1107.6,4920,2629.6,0.9759,13,19.1,0.9358,0,1,0.296,33.2,0
2205.5,9797,5236.0,0.99,10,18.5,0.95,0,1,0.227,28.9,0
1663.5,7389,3949.3,0.9245,21,18.2,0.8978,0,1,0.35,39.9,0
885.7,3934,2102.7,0.8924,26,17.8,0.874,0,1,0.22,44.3,0
1924.9,8550,4569.8,0.99,7,18.8,0.9643,0,1,0.167,27.0,0
1833.6,8145,4353.0,0.9502,17,18.8,0.9168,0,1,0.249,36.8,0
738.5,3280,1753.3,0.9181,22,17.2,0.893,0,1,0.255,38.9,0
1543.1,6854,3663.4,0.9181,22,18.8,0.893,0,1,0.137,42.2,0
1766.4,7846,4193.6,0.9759,13,18.9,0.9358,0,1,0.357,32.8,0
1307.0,5806,3103.0,0.99,10,19.0,0.95,0,1,0.182,30.0,0
777.1,3452,1845.0,0.99,7,17.5,0.9643,0,1,0.238,24.3,0
1529.6,6794,3631.4,0.99,8,17.5,0.9595,0,1,0.122,25.1,0
1361.3,6047,3231.9,0.9887,11,17.9,0.9452,0,1,0.216,28.5,0
820.0,2450,1820.0,0.9231,32,24.0,0.89,1,1,0.82,58.4,1
1060.5,3168,2353.7,0.7262,47,30.7,0.7254,1,1,0.946,70.8,1
1020.5,3049,2265.0,0.7385,45,28.6,0.7343,1,1,0.988,68.9,1
1257.1,3756,2790.2,0.8185,32,30.1,0.7921,1,1,0.768,64.8,1
400.9,1197,889.8,0.7077,50,28.0,0.712,1,1,0.837,70.0,1
1328.2,3968,2947.9,0.72,48,26.7,0.7209,1,1,0.832,68.6,1
490.5,1465,1088.7,0.9108,17,32.2,0.8589,1,1,0.749,50.3,1
986.1,2946,2188.6,0.7385,45,26.8,0.7343,1,1,0.796,67.7,1
1024.0,3059,2272.9,0.6338,62,32.6,0.6586,1,1,0.844,76.5,1
1267.5,3787,2813.3,0.8123,33,25.3,0.7877,1,1,0.346,62.9,0
418.0,1248,927.7,0.8985,19,28.0,0.85,1,1,0.765,49.8,1
1294.1,3866,2872.2,0.9108,17,24.9,0.8589,1,1,0.4,45.7,0
989.3,2955,2195.9,0.8369,29,31.0,0.8054,1,1,0.881,62.2,1
471.0,1407,1045.3,0.8185,32,32.6,0.7921,1,1,0.714,66.4,1
317.8,949,705.5,0.64,61,28.2,0.6631,1,1,0.859,73.5,1
274.3,819,608.9,0.9046,18,30.2,0.8544,1,1,0.732,50.2,1
1077.3,3218,2391.1,0.8492,27,28.2,0.8144,1,1,0.928,58.3,1
722.9,2159,1604.4,0.6646,57,31.9,0.6809,1,1,0.755,74.6,1
1399.2,4180,3105.6,0.8615,25,30.8,0.8233,1,1,0.951,57.9,1
932.7,2786,2070.2,0.7815,38,25.1,0.7654,1,1,0.348,64.5,0
643.6,1922,1428.4,0.7262,47,29.9,0.7254,1,1,0.722,70.3,1
1012.4,3024,2246.9,0.7631,41,27.4,0.7521,1,1,0.851,66.8,1
880.7,2631,1954.8,0.8862,21,27.4,0.8411,1,1,0.94,51.6,1
882.8,2637,1959.5,0.7938,36,26.6,0.7743,1,1,0.835,64.9,1
603.5,1803,1339.4,0.6585,58,27.8,0.6764,1,1,0.941,72.3,1
639.1,1909,1418.6,0.8492,27,26.7,0.8144,1,1,0.817,57.4,1
1449.5,4330,3217.2,0.6708,56,25.4,0.6853,1,1,0.11,70.2,0
1421.2,4246,3154.4,0.7938,36,28.2,0.7743,1,1,0.905,65.9,1
535.5,1600,1188.6,0.7938,36,29.8,0.7743,1,1,0.989,66.9,1
840.2,2510,1864.8,0.8431,28,28.8,0.8099,1,1,0.848,59.8,1
987.0,2948,2190.6,0.8677,24,28.2,0.8277,1,1,0.989,55.2,1
332.7,993,738.4,0.72,48,32.5,0.7209,1,1,0.989,72.2,1
1024.9,3062,2274.9,0.64,61,29.2,0.6631,1,1,0.723,74.1,1
260.8,779,578.8,0.7692,40,32.1,0.7565,1,1,0.837,69.5,1
1164.7,3479,2585.1,0.9169,16,30.2,0.8633,1,1,0.846,48.0,1
1351.0,4036,2998.5,0.7015,51,24.9,0.7076,1,1,0.215,68.3,0
385.1,1150,854.7,0.9046,18,28.7,0.8544,1,1,0.719,49.2,1
1131.9,3381,2512.3,0.8369,29,26.8,0.8054,1,1,0.75,59.6,1
778.1,2324,1727.1,0.7508,43,32.8,0.7432,1,1,0.989,70.9,1
534.9,1598,1187.2,0.6831,54,29.8,0.6942,1,1,0.788,72.4,1
1231.3,3678,2733.0,0.8677,24,25.8,0.8277,1,1,0.128,53.7,0
465.0,1820,2240.0,0.8973,46,28.0,0.84,1,1,0.928,65.0,1
239.2,936,1152.3,0.8435,24,40.3,0.7812,1,1,0.861,61.0,1
480.0,1878,2312.1,0.4487,90,43.2,0.504,1,1,0.706,88.9,1
468.8,1835,2258.5,0.6999,48,47.2,0.6804,1,1,0.943,78.7,1
355.1,1389,1710.4,0.8196,28,47.1,0.7644,1,1,0.897,68.8,1
628.7,2460,3028.4,0.5922,66,44.4,0.6048,1,1,0.796,82.5,1
321.6,1258,1549.3,0.5264,77,34.9,0.5586,1,1,0.709,80.6,1
820.6,3211,3952.8,0.7418,41,39.5,0.7098,1,1,0.923,72.5,1
391.9,1533,1887.8,0.7358,42,44.1,0.7056,1,1,0.733,75.2,1
629.4,2463,3032.0,0.7119,46,38.0,0.6888,1,1,0.82,73.2,1
746.2,2920,3594.7,0.8016,31,33.9,0.7518,1,1,0.991,64.8,1
544.6,2131,2623.4,0.6162,62,32.3,0.6216,1,1,0.935,74.8,1
244.4,956,1177.2,0.4666,87,44.0,0.5166,1,1,0.84,88.4,1
298.7,1168,1438.8,0.67,53,42.9,0.6594,1,1,0.886,77.9,1
210.2,822,1012.6,0.8375,25,41.2,0.777,1,1,0.792,62.4,1
388.8,1521,1872.7,0.5324,76,34.4,0.5628,1,1,0.786,80.1,1
714.2,2795,3440.3,0.7298,43,38.0,0.7014,1,1,0.912,72.3,1
143.8,562,692.8,0.664,54,37.5,0.6552,1,1,0.993,75.3,1
541.9,2121,2610.7,0.7597,38,46.3,0.7224,1,1,0.809,75.3,1
383.4,1500,1847.0,0.5504,73,46.5,0.5754,1,1,0.775,85.6,1
607.1,2376,2924.7,0.4606,88,31.5,0.5124,1,1,0.873,82.0,1
342.9,1341,1651.7,0.6341,59,35.6,0.6342,1,1,0.856,75.7,1
685.2,2681,3300.7,0.8435,24,32.0,0.7812,1,1,0.791,56.5,1
316.4,1238,1524.3,0.4905,83,43.3,0.5334,1,1,0.759,86.9,1
394.5,1544,1900.6,0.4726,86,44.8,0.5208,1,1,0.858,88.5,1
610.3,2388,2940.0,0.5264,77,45.7,0.5586,1,1,0.747,86.4,1
580.3,2271,2795.2,0.67,53,38.9,0.6594,1,1,0.887,75.7,1
556.1,2176,2678.6,0.5145,79,41.5,0.5502,1,1,0.811,84.7,1
541.6,2119,2609.2,0.6042,64,46.1,0.6132,1,1,0.841,82.8,1
296.8,1161,1430.0,0.4666,87,42.2,0.5166,1,1,0.957,87.4,1
721.2,2822,3474.3,0.5444,74,32.6,0.5712,1,1,0.809,78.5,1
288.3,1128,1388.6,0.5743,69,43.1,0.5922,1,1,0.868,82.7,1
750.7,2938,3616.1,0.6461,57,41.3,0.6426,1,1,0.938,78.2,1
550.2,2153,2650.3,0.5025,81,35.1,0.5418,1,1,0.743,81.9,1
407.4,1594,1962.5,0.7119,46,35.4,0.6888,1,1,0.907,71.8,1
452.9,1772,2181.7,0.7657,37,49.7,0.7266,1,1,0.704,76.8,1
574.1,2247,2765.8,0.7837,34,48.7,0.7392,1,1,0.709,75.4,1
349.9,1369,1685.5,0.8435,24,37.1,0.7812,1,1,0.951,59.2,1
735.1,2877,3541.2,0.7657,37,42.0,0.7266,1,1,0.895,72.7,1
296.3,1159,1427.1,0.6162,62,34.5,0.6216,1,1,0.756,76.0,1
709.2,2775,3416.6,0.7119,46,44.1,0.6888,1,1,0.797,76.5,1
2450.0,6200,2180.0,0.9128,58,20.0,0.87,1,1,0.847,56.7,1
1834.5,4642,1632.3,0.5477,75,24.5,0.5873,1,1,0.906,78.9,1
1899.0,4805,1689.7,0.3651,105,23.5,0.4567,1,1,0.836,86.6,1
2262.7,5725,2013.3,0.3225,112,24.1,0.4263,1,1,0.771,89.8,1
2326.7,5887,2070.2,0.6025,66,25.4,0.6264,1,1,0.738,76.9,1
1423.0,3601,1266.2,0.4321,94,21.9,0.5046,1,1,0.275,80.1,0
3919.5,9918,3487.6,0.6938,51,29.3,0.6916,1,1,0.85,75.3,1
2538.0,6422,2258.3,0.4686,88,27.1,0.5307,1,1,0.821,84.8,1
2422.1,6129,2155.2,0.3043,115,22.3,0.4133,1,1,0.862,87.2,1
2452.7,6206,2182.4,0.7485,42,22.1,0.7308,1,1,0.701,64.9,1
1677.5,4245,1492.6,0.499,83,27.7,0.5524,1,1,0.789,83.8,1
4221.1,10681,3755.9,0.6998,50,21.4,0.696,1,1,0.393,65.9,0
2738.6,6930,2436.8,0.5416,76,29.8,0.5829,1,1,0.923,83.2,1
1608.4,4070,1431.2,0.6146,64,21.7,0.6351,1,1,0.353,70.7,0
2220.1,5618,1975.5,0.6268,62,30.7,0.6438,1,1,0.999,79.7,1
4376.1,11074,3893.8,0.3895,101,29.7,0.4742,1,1,0.718,90.7,1
2084.0,5273,1854.3,0.3773,103,22.8,0.4655,1,1,0.835,84.6,1
2682.0,6787,2386.4,0.7485,42,27.9,0.7308,1,1,0.722,71.6,1
1680.2,4251,1495.0,0.3408,109,30.1,0.4394,1,1,0.861,93.4,1
2211.9,5597,1968.2,0.566,72,26.1,0.6003,1,1,0.817,79.2,1
4041.0,10226,3595.7,0.5903,68,26.7,0.6177,1,1,0.705,78.5,1
2622.3,6635,2333.3,0.499,83,24.4,0.5524,1,1,0.987,81.3,1
1291.6,3268,1149.2,0.5599,73,25.9,0.596,1,1,0.775,79.4,1
3743.6,9473,3331.0,0.8276,29,27.9,0.7873,1,1,0.969,64.4,1
2179.4,5515,1939.2,0.4625,89,24.1,0.5263,1,1,0.921,82.9,1
1782.7,4511,1586.3,0.3165,113,22.5,0.422,1,1,0.84,87.0,1
2979.9,7540,2651.5,0.3956,100,24.5,0.4785,1,1,0.879,86.4,1
1888.4,4778,1680.3,0.6268,62,24.4,0.6438,1,1,0.807,75.0,1
1700.9,4304,1513.4,0.426,95,22.1,0.5003,1,1,0.801,80.8,1
3920.6,9921,3488.6,0.7546,41,25.0,0.7352,1,1,0.883,69.1,1
2780.0,7035,2473.6,0.5234,79,28.8,0.5698,1,1,0.754,83.4,1
2969.8,7515,2642.5,0.7972,34,21.2,0.7656,1,1,0.191,60.7,0
1796.4,4546,1598.4,0.3591,106,24.8,0.4524,1,1,0.7,88.5,1
968.2,2450,861.5,0.6694,55,23.3,0.6743,1,1,0.791,71.2,1
3815.1,9654,3394.7,0.5842,69,29.8,0.6134,1,1,0.926,81.1,1
2105.0,5326,1873.0,0.639,60,24.4,0.6525,1,1,0.768,74.4,1
2749.3,6957,2446.3,0.7729,38,21.7,0.7482,1,1,0.395,62.9,0
2820.1,7136,2509.3,0.566,72,28.0,0.6003,1,1,0.83,80.7,1
889.5,2251,791.5,0.7729,38,24.6,0.7482,1,1,0.788,67.9,1
3056.3,7734,2719.5,0.7972,34,24.1,0.7656,1,1,0.972,66.3,1
2690.2,6807,2393.8,0.8276,29,28.3,0.7873,1,1,0.897,64.7,1
340.0,980,1120.0,0.9732,12,16.0,0.96,1,1,0.284,27.7,0
180.3,519,594.0,0.9538,18,17.1,0.9216,1,1,0.141,35.6,0
414.7,1195,1366.2,0.99,6,17.2,0.9792,1,1,0.343,24.4,0
483.1,1392,1591.4,0.99,7,16.1,0.9744,1,1,0.161,22.8,0
569.0,1640,1874.5,0.99,9,15.3,0.9648,1,1,0.348,22.8,0
315.3,908,1038.5,0.99,8,17.5,0.9696,1,1,0.37,26.7,0
124.8,359,411.2,0.9797,14,17.3,0.9408,1,1,0.37,31.8,0
229.1,660,754.7,0.9278,22,15.6,0.9024,1,1,0.235,36.6,0
416.7,1201,1372.8,0.99,11,17.8,0.9552,1,1,0.72,29.9,1
498.5,1436,1642.2,0.9667,16,17.1,0.9312,1,1,0.169,33.5,0
561.5,1618,1849.6,0.9473,19,17.1,0.9168,1,1,0.205,36.7,0
366.2,1055,1206.4,0.99,12,15.4,0.9504,1,1,0.333,25.5,0
273.9,789,902.2,0.9213,23,15.5,0.8976,1,1,0.29,37.4,0
566.6,1633,1866.5,0.9278,22,16.8,0.9024,1,1,0.341,39.2,0
559.3,1612,1842.4,0.9473,19,17.4,0.9168,1,1,0.255,37.4,0
529.1,1525,1743.0,0.9667,16,15.4,0.9312,1,1,0.12,29.7,0
611.8,1763,2015.3,0.9278,22,16.4,0.9024,1,1,0.159,38.3,0
149.7,431,493.1,0.99,11,16.7,0.9552,1,1,0.24,27.6,0
446.5,1286,1470.8,0.9473,19,15.9,0.9168,1,1,0.235,34.1,0
163.2,470,537.6,0.9213,23,16.5,0.8976,1,1,0.282,39.6,0
283.9,818,935.3,0.99,8,16.7,0.9696,1,1,0.264,25.0,0
516.8,1489,1702.4,0.99,10,16.5,0.96,1,1,0.353,26.3,0
526.9,1518,1735.7,0.9862,13,17.8,0.9456,1,1,0.901,31.7,1
433.6,1249,1428.5,0.9602,17,16.4,0.9264,1,1,0.356,33.0,0
599.0,1726,1973.2,0.9797,14,15.6,0.9408,1,1,0.392,28.0,0
374.4,1079,1233.4,0.99,12,17.7,0.9504,1,1,0.723,30.6,1
299.4,862,986.2,0.99,6,17.2,0.9792,1,1,0.22,24.4,0
288.2,830,949.4,0.9538,18,16.8,0.9216,1,1,0.238,34.9,0
114.5,329,377.1,0.9473,19,17.7,0.9168,1,1,0.813,38.0,1
441.7,1273,1455.1,0.9797,14,16.4,0.9408,1,1,0.37,29.8,0
477.1,1375,1571.5,0.9343,21,17.0,0.9072,1,1,0.158,38.6,0
203.3,585,669.7,0.9667,16,17.0,0.9312,1,1,0.34,33.2,0
429.5,1237,1414.9,0.99,11,16.5,0.9552,1,1,0.349,27.1,0
280.2,807,923.1,0.9862,13,15.5,0.9456,1,1,0.366,26.7,0
114.2,329,376.3,0.9602,17,16.5,0.9264,1,1,0.112,33.2,0
578.3,1666,1904.8,0.99,9,16.9,0.9648,1,1,0.157,26.2,0
274.3,790,903.7,0.9213,23,17.6,0.8976,1,1,0.768,42.1,1
582.0,1677,1917.2,0.9538,18,17.5,0.9216,1,1,0.156,36.5,0
206.2,594,679.1,0.9278,22,15.3,0.9024,1,1,0.392,35.9,0
319.9,922,1053.8,0.9213,23,16.8,0.8976,1,1,0.18,40.3,0
579.6,1670,1909.2,0.9473,19,15.8,0.9168,1,1,0.16,33.8,0
185.0,420,640.0,0.9531,6,14.0,0.97,1,1,0.333,20.5,0
221.5,502,766.1,0.9785,11,14.3,0.9651,1,1,0.225,24.4,0
142.0,322,491.3,0.99,4,14.3,0.99,1,1,0.277,18.2,0
311.0,705,1075.8,0.99,3,13.3,0.99,1,1,0.129,15.2,0
155.4,352,537.5,0.99,7,14.2,0.9846,1,1,0.253,20.4,0
129.2,293,446.9,0.99,9,14.0,0.9749,1,1,0.207,21.7,0
57.6,130,199.2,0.99,5,14.4,0.99,1,1,0.133,19.2,0
322.3,731,1115.0,0.99,5,13.3,0.99,1,1,0.157,16.7,0
84.8,192,293.5,0.9849,10,13.1,0.97,1,1,0.124,20.5,0
296.3,672,1025.1,0.99,8,13.9,0.9797,1,1,0.258,20.5,0
171.4,389,592.9,0.99,3,14.0,0.99,1,1,0.149,16.8,0
241.8,549,836.7,0.9849,10,13.7,0.97,1,1,0.31,21.9,0
167.7,380,580.2,0.99,3,14.4,0.99,1,1,0.185,17.8,0
211.6,480,731.9,0.9785,11,14.3,0.9651,1,1,0.176,24.4,0
201.5,457,697.2,0.99,5,14.4,0.99,1,1,0.295,19.2,0
281.6,639,974.2,0.9785,11,14.0,0.9651,1,1,0.172,23.8,0
250.9,569,868.1,0.99,4,13.9,0.99,1,1,0.322,17.3,0
215.6,489,745.9,0.99,6,13.2,0.9894,1,1,0.382,17.2,0
258.6,587,894.6,0.9785,11,14.2,0.9651,1,1,0.258,24.2,0
206.0,467,712.8,0.99,4,13.6,0.99,1,1,0.116,16.7,0
241.6,548,836.0,0.99,7,14.0,0.9846,1,1,0.352,20.0,0
59.1,134,204.5,0.99,3,13.1,0.99,1,1,0.231,14.7,0
155.2,352,536.8,0.9785,11,13.9,0.9651,1,1,0.383,23.4,0
205.2,465,709.9,0.99,5,13.3,0.99,1,1,0.257,16.7,0
130.5,296,451.4,0.9785,11,13.7,0.9651,1,1,0.199,23.0,0
169.3,384,585.5,0.99,8,14.0,0.9797,1,1,0.152,20.7,0
280.6,636,970.6,0.99,9,13.7,0.9749,1,1,0.213,20.9,0
114.6,260,396.5,0.99,6,13.5,0.9894,1,1,0.398,17.9,0
55.6,126,192.4,0.99,3,13.3,0.99,1,1,0.398,15.2,0
65.8,149,227.7,0.99,3,14.3,0.99,1,1,0.343,17.5,0
266.9,605,923.2,0.99,4,14.2,0.99,1,1,0.32,18.1,0
149.9,340,518.5,0.99,5,14.1,0.99,1,1,0.23,18.5,0
320.1,726,1107.5,0.9785,11,13.8,0.9651,1,1,0.326,23.3,0
200.3,454,692.8,0.99,7,13.1,0.9846,1,1,0.186,17.8,0
319.1,724,1103.9,0.99,9,13.8,0.9749,1,1,0.277,21.2,0
84.8,192,293.3,0.99,4,13.8,0.99,1,1,0.274,17.1,0
104.8,237,362.5,0.99,7,14.2,0.9846,1,1,0.183,20.4,0
293.7,666,1016.1,0.99,4,14.1,0.99,1,1,0.327,17.8,0
122.5,278,423.7,0.99,4,13.6,0.99,1,1,0.115,16.7,0
229.9,521,795.2,0.99,6,14.3,0.9894,1,1,0.177,19.7,0
319.0,724,1103.7,0.99,8,14.1,0.9797,1,1,0.224,21.0,0
1150.0,3100,2450.0,0.8571,38,22.0,0.86,1,1,0.89,60.3,1
1951.7,5261,4157.9,0.7486,34,29.3,0.7568,1,1,0.855,70.2,1
519.0,1399,1105.7,0.6629,49,28.8,0.6923,1,1,0.777,74.1,1
394.1,1062,839.5,0.6343,54,28.0,0.6708,1,1,0.872,75.0,1
872.6,2352,1859.1,0.8,25,30.3,0.7955,1,1,0.835,62.0,1
1694.2,4566,3609.4,0.5486,69,23.2,0.6063,1,1,0.25,75.0,0
1909.5,5147,4068.0,0.7886,27,31.5,0.7869,1,1,0.909,64.9,1
634.2,1709,1351.0,0.7029,42,31.4,0.7224,1,1,0.74,73.9,1
840.6,2265,1790.9,0.7486,34,31.1,0.7568,1,1,0.743,71.4,1
1182.4,3187,2519.0,0.7543,33,23.0,0.7611,1,1,0.263,64.0,0
1380.8,3722,2941.8,0.5143,75,26.8,0.5805,1,1,0.971,80.1,1
1593.4,4295,3394.6,0.6286,55,24.8,0.6665,1,1,0.874,73.1,1
1075.8,2900,2292.0,0.5771,64,26.6,0.6278,1,1,0.714,76.9,1
1507.5,4063,3211.6,0.8114,23,22.9,0.8041,1,1,0.309,53.5,0
973.5,2624,2073.9,0.6971,43,31.2,0.7181,1,1,0.822,74.0,1
809.7,2182,1725.0,0.7943,26,23.1,0.7912,1,1,0.262,57.0,0
925.4,2494,1971.6,0.6,60,27.0,0.645,1,1,0.846,76.0,1
800.2,2157,1704.7,0.52,74,25.9,0.5848,1,1,0.918,79.3,1
1080.3,2912,2301.5,0.5714,65,27.0,0.6235,1,1,0.756,77.4,1
904.1,2437,1926.1,0.5886,62,30.7,0.6364,1,1,0.824,79.1,1
816.7,2201,1739.9,0.5657,66,22.8,0.6192,1,1,0.328,73.4,0
1647.1,4439,3509.0,0.7371,36,31.3,0.7482,1,1,0.91,72.1,1
1577.4,4252,3360.5,0.7771,29,24.6,0.7783,1,1,0.91,62.2,1
1514.6,4082,3226.7,0.6514,51,28.0,0.6837,1,1,0.892,74.1,1
572.5,1543,1219.8,0.6743,47,30.7,0.7009,1,1,0.764,74.8,1
1054.7,2843,2246.9,0.5143,75,29.0,0.5805,1,1,0.748,81.7,1
1487.4,4009,3168.8,0.64,53,28.2,0.6751,1,1,0.938,74.8,1
1863.8,5024,3970.7,0.5714,65,27.6,0.6235,1,1,0.775,77.9,1
1588.5,4282,3384.3,0.7257,38,31.3,0.7396,1,1,0.717,72.7,1
1527.2,4116,3253.6,0.6229,56,27.6,0.6622,1,1,0.943,75.3,1
453.0,1221,965.2,0.5143,75,23.1,0.5805,1,1,0.304,76.5,0
651.0,1754,1387.0,0.8343,19,29.3,0.8213,1,1,0.817,55.1,1
1851.8,4991,3945.2,0.5657,66,25.7,0.6192,1,1,0.739,76.9,1
622.5,1678,1326.2,0.6914,44,23.3,0.7138,1,1,0.273,68.1,0
1597.4,4306,3403.3,0.6114,58,24.1,0.6536,1,1,0.24,73.5,0
1228.4,3311,2617.1,0.5371,71,26.2,0.5977,1,1,0.839,78.6,1
1367.9,3687,2914.1,0.6171,57,26.5,0.6579,1,1,0.818,74.8,1
1341.5,3616,2857.9,0.5429,70,30.9,0.602,1,1,0.73,81.6,1
1870.7,5042,3985.4,0.6743,47,24.6,0.7009,1,1,0.924,70.7,1
1263.7,3406,2692.3,0.7829,28,26.7,0.7826,1,1,0.845,62.6,1
1540.0,4151,3280.9,0.5714,65,27.4,0.6235,1,1,0.79,77.7,1
1240.5,3420,1450.0,0.9517,28,22.0,0.92,1,1,0.804,51.0,1
2062.3,5685,2410.6,0.7297,50,28.4,0.736,1,1,0.979,70.6,1
497.0,1370,581.0,0.6979,55,23.5,0.713,1,1,0.139,68.2,0
1882.0,5188,2199.8,0.8756,27,29.2,0.8418,1,1,0.769,59.2,1
2156.4,5945,2520.5,0.8946,24,27.0,0.8556,1,1,0.936,54.5,1
548.8,1513,641.5,0.8629,29,24.4,0.8326,1,1,0.72,58.0,1
1280.5,3530,1496.7,0.9263,19,26.9,0.8786,1,1,0.819,49.1,1
1090.6,3006,1274.8,0.7614,45,26.7,0.759,1,1,0.965,67.9,1
2131.6,5876,2491.6,0.8121,37,26.4,0.7958,1,1,0.743,65.2,1
1582.2,4362,1849.4,0.9073,22,26.9,0.8648,1,1,0.793,52.3,1
2212.6,6100,2586.3,0.92,20,24.6,0.874,1,1,0.76,48.6,1
1646.4,4539,1924.4,0.8566,30,24.2,0.828,1,1,0.986,59.0,1
665.0,1833,777.4,0.8692,28,28.9,0.8372,1,1,0.739,60.0,1
1129.4,3113,1320.1,0.92,20,26.3,0.874,1,1,0.838,49.7,1
1301.3,3587,1521.1,0.8312,34,23.4,0.8096,1,1,0.128,61.4,0
1899.3,5236,2220.1,0.7297,50,23.7,0.736,1,1,0.179,67.0,0
456.3,1258,533.4,0.8883,25,27.9,0.851,1,1,0.895,56.2,1
632.5,1743,739.4,0.8629,29,28.5,0.8326,1,1,0.889,60.8,1
1375.6,3792,1607.9,0.9137,21,29.4,0.8694,1,1,0.705,52.9,1
1285.6,3544,1502.8,0.8185,36,27.9,0.8004,1,1,0.965,65.8,1
1387.3,3824,1621.6,0.9327,18,27.4,0.8832,1,1,0.943,48.3,1
915.2,2523,1069.8,0.8058,38,25.5,0.7912,1,1,0.97,64.9,1
1292.1,3562,1510.3,0.7487,47,25.7,0.7498,1,1,0.861,67.8,1
1128.9,3112,1319.5,0.736,49,24.9,0.7406,1,1,0.967,67.9,1
783.3,2159,915.6,0.7868,41,25.3,0.7774,1,1,0.829,65.7,1
933.3,2573,1091.0,0.9581,14,28.3,0.9016,1,1,0.716,44.7,1
1114.2,3071,1302.4,0.8248,35,25.6,0.805,1,1,0.862,64.0,1
1392.5,3838,1627.6,0.7297,50,26.5,0.736,1,1,0.934,69.3,1
419.2,1155,490.0,0.7677,44,24.9,0.7636,1,1,0.979,66.3,1
838.7,2312,980.4,0.7297,50,26.7,0.736,1,1,0.941,69.4,1
2208.5,6088,2581.5,0.7106,53,23.8,0.7222,1,1,0.185,68.2,0
927.6,2557,1084.2,0.9327,18,27.1,0.8832,1,1,0.896,48.2,1
1971.6,5435,2304.5,0.9454,16,25.5,0.8924,1,1,0.817,45.0,1
1828.7,5041,2137.5,0.7804,42,28.1,0.7728,1,1,0.988,67.9,1
806.8,2224,943.1,0.7297,50,23.0,0.736,1,1,0.355,65.6,0
759.3,2093,887.5,0.7487,47,25.8,0.7498,1,1,0.994,67.9,1
1598.5,4407,1868.5,0.9327,18,25.8,0.8832,1,1,0.905,47.3,1
1036.5,2857,1211.5,0.7043,54,23.5,0.7176,1,1,0.329,67.9,0
1934.3,5332,2260.9,0.7994,39,24.9,0.7866,1,1,0.732,64.8,1
872.6,2405,1020.0,0.7297,50,24.9,0.736,1,1,0.892,68.2,1
552.8,1524,646.2,0.8629,29,28.7,0.8326,1,1,0.915,60.9,1
890.0,2150,920.0,0.9728,8,15.0,0.96,1,0,0.127,12.5,0
1009.9,2439,1044.0,0.99,7,14.7,0.9744,1,0,0.317,10.6,0
1140.0,2753,1178.4,0.99,9,14.6,0.9648,1,0,0.362,12.2,0
1009.4,2438,1043.4,0.99,9,14.6,0.9648,1,0,0.164,12.2,0
423.7,1023,438.0,0.99,4,14.1,0.9888,1,0,0.339,6.8,0
696.3,1682,719.8,0.99,9,14.5,0.9648,1,0,0.238,12.0,0
1439.5,3477,1488.0,0.99,8,14.3,0.9696,1,0,0.34,10.6,0
270.9,654,280.0,0.9793,14,14.0,0.9408,1,0,0.293,15.5,0
306.3,739,316.6,0.9728,15,14.9,0.936,1,0,0.263,18.5,0
858.6,2074,887.6,0.99,5,14.7,0.984,1,0,0.162,8.9,0
1473.0,3558,1522.6,0.9793,14,14.0,0.9408,1,0,0.359,15.5,0
531.9,1285,549.9,0.9858,13,15.0,0.9456,1,0,0.387,16.5,0
670.3,1619,692.9,0.99,6,14.5,0.9792,1,0,0.145,9.4,0
751.6,1815,776.9,0.99,4,14.4,0.9888,1,0,0.1,7.5,0
838.2,2024,866.4,0.99,11,14.9,0.9552,1,0,0.24,14.5,0
991.4,2394,1024.8,0.99,11,14.0,0.9552,1,0,0.331,12.5,0
350.0,845,361.8,0.99,8,14.3,0.9696,1,0,0.219,10.6,0
1395.9,3372,1443.0,0.99,7,14.5,0.9744,1,0,0.357,10.2,0
340.2,821,351.7,0.99,11,15.0,0.9552,1,0,0.395,14.7,0
1184.5,2861,1224.4,0.99,6,14.4,0.9792,1,0,0.396,9.2,0
593.6,1433,613.6,0.9858,13,14.4,0.9456,1,0,0.128,15.2,0
579.3,1399,598.9,0.99,6,14.5,0.9792,1,0,0.34,9.3,0
664.5,1605,686.9,0.99,4,14.0,0.9888,1,0,0.235,6.5,0
1077.0,2601,1113.3,0.99,4,15.1,0.9888,1,0,0.339,9.0,0
512.3,1237,529.6,0.99,6,14.0,0.9792,1,0,0.266,8.3,0
839.0,2026,867.2,0.99,6,14.8,0.9792,1,0,0.347,10.1,0
289.6,699,299.4,0.99,12,14.1,0.9504,1,0,0.295,13.6,0
1379.7,3332,1426.2,0.99,5,14.1,0.984,1,0,0.177,7.6,0
492.1,1188,508.7,0.99,12,14.7,0.9504,1,0,0.243,14.9,0
794.3,1918,821.0,0.99,4,14.7,0.9888,1,0,0.384,8.1,0
488.4,1179,504.9,0.99,11,14.3,0.9552,1,0,0.312,13.2,0
697.4,1684,720.9,0.99,5,14.1,0.984,1,0,0.303,7.6,0
1499.7,3622,1550.3,0.99,11,15.1,0.9552,1,0,0.358,15.0,0
991.1,2394,1024.5,0.99,11,14.3,0.9552,1,0,0.222,13.2,0
446.5,1078,461.5,0.9858,13,14.8,0.9456,1,0,0.293,16.1,0
342.6,827,354.2,0.99,11,15.0,0.9552,1,0,0.378,14.7,0
356.2,860,368.2,0.9793,14,14.3,0.9408,1,0,0.241,16.1,0
1406.6,3397,1454.0,0.99,10,15.1,0.96,1,0,0.394,14.1,0
525.4,1269,543.1,0.99,5,14.6,0.984,1,0,0.304,8.8,0
676.2,1633,698.9,0.99,4,14.3,0.9888,1,0,0.288,7.2,0
1174.1,2836,1213.6,0.99,11,14.4,0.9552,1,0,0.286,13.4,0
4330.0,11200,2850.0,0.9404,64,24.0,0.88,1,1,0.907,60.0,1
5419.1,14017,3566.8,0.7648,43,29.8,0.7348,1,1,0.904,68.7,1
5121.0,13245,3370.6,0.7899,39,34.7,0.7524,1,1,0.959,70.5,1
3661.6,9471,2410.1,0.8024,37,25.4,0.7612,1,1,0.336,64.1,0
6911.4,17877,4549.1,0.2758,121,27.2,0.3916,1,1,0.989,91.0,1
5044.9,13049,3320.5,0.4702,90,33.4,0.528,1,1,0.819,85.4,1
6423.1,16614,4227.7,0.5015,85,32.6,0.55,1,1,0.701,83.3,1
5616.1,14526,3696.5,0.2758,121,30.4,0.3916,1,1,0.977,93.0,1
1664.9,4306,1095.8,0.6018,69,31.8,0.6204,1,1,0.891,77.9,1
3266.5,8449,2150.0,0.5329,80,27.5,0.572,1,1,0.705,78.6,1
6581.1,17022,4331.7,0.5517,77,30.8,0.5852,1,1,0.753,79.7,1
3682.4,9524,2423.7,0.3573,108,34.4,0.4488,1,1,0.713,91.5,1
3820.1,9881,2514.4,0.7335,48,26.7,0.7128,1,1,0.847,68.3,1
2850.3,7372,1876.1,0.5642,75,27.6,0.594,1,1,0.702,77.1,1
5153.5,13330,3392.0,0.3385,111,32.1,0.4356,1,1,0.989,91.0,1
2262.3,5851,1489.1,0.4451,94,27.8,0.5104,1,1,0.713,83.1,1
6757.3,17478,4447.7,0.746,46,27.2,0.7216,1,1,0.798,68.0,1
6347.2,16417,4177.7,0.6269,65,34.0,0.638,1,1,0.768,78.0,1
4231.3,10944,2785.1,0.8212,34,30.4,0.7744,1,1,0.799,66.3,1
7238.9,18724,4764.6,0.4451,94,32.3,0.5104,1,1,0.704,85.9,1
3819.7,9880,2514.1,0.5767,73,31.9,0.6028,1,1,0.832,79.2,1
1347.9,3486,887.2,0.4639,91,34.4,0.5236,1,1,0.959,86.3,1
6035.9,15612,3972.8,0.6896,55,29.3,0.682,1,1,0.946,72.0,1
7093.7,18348,4669.0,0.8275,33,29.5,0.7788,1,1,0.983,65.2,1
5310.6,13736,3495.4,0.4576,92,27.7,0.5192,1,1,0.752,82.4,1
7054.8,18247,4643.5,0.4827,88,31.0,0.5368,1,1,0.942,83.2,1
5871.4,15187,3864.6,0.7084,52,25.3,0.6952,1,1,0.139,68.6,0
7784.1,20134,5123.5,0.6081,68,25.8,0.6248,1,1,0.138,73.8,0
7070.8,18289,4654.0,0.5141,83,29.7,0.5588,1,1,0.847,80.9,1
5376.8,13907,3539.0,0.3824,104,30.6,0.4664,1,1,0.959,87.9,1
2981.1,7710,1962.2,0.5266,81,31.3,0.5676,1,1,0.739,81.3,1
4988.9,12904,3283.7,0.815,35,28.2,0.77,1,1,0.99,65.2,1
6019.6,15570,3962.1,0.6582,60,28.8,0.66,1,1,0.985,73.3,1
1925.2,4979,1267.1,0.4138,99,27.9,0.4884,1,1,0.762,84.7,1
1789.1,4627,1177.6,0.4702,90,33.5,0.528,1,1,0.955,85.4,1
3444.9,8910,2267.4,0.7648,43,27.4,0.7348,1,1,0.986,67.2,1
6358.9,16447,4185.4,0.815,35,26.6,0.77,1,1,0.87,64.2,1
2091.3,5409,1376.5,0.3949,102,27.5,0.4752,1,1,0.821,85.4,1
7172.0,18551,4720.6,0.3824,104,33.2,0.4664,1,1,0.847,89.5,1
2761.6,7143,1817.7,0.5454,78,28.8,0.5808,1,1,0.779,78.8,1
1908.8,4937,1256.3,0.42,98,34.3,0.4928,1,1,0.762,88.4,1
3440.0,7800,1420.0,0.9789,18,14.0,0.94,1,1,0.111,29.4,0
5591.5,12678,2308.1,0.99,11,13.6,0.9353,1,1,0.236,22.9,0
3193.0,7239,1318.0,0.99,10,14.6,0.94,1,1,0.128,24.4,0
3165.2,7176,1306.6,0.99,13,14.2,0.9259,1,1,0.164,26.1,0
2826.6,6409,1166.8,0.9528,19,14.3,0.8977,1,1,0.326,32.7,0
2490.4,5646,1028.0,0.9462,20,14.8,0.893,1,1,0.218,34.9,0
1402.1,3179,578.8,0.894,28,14.5,0.8554,1,1,0.176,42.7,0
4368.5,9905,1803.3,0.8875,29,13.9,0.8507,1,1,0.138,42.4,0
2039.1,4623,841.7,0.9789,15,14.0,0.9165,1,1,0.353,27.7,0
4882.7,11071,2015.5,0.9528,19,14.8,0.8977,1,1,0.194,33.8,0
5472.1,12407,2258.8,0.9854,14,13.7,0.9212,1,1,0.305,25.9,0
2610.5,5919,1077.6,0.9006,27,13.6,0.8601,1,1,0.201,39.6,0
2363.3,5358,975.6,0.8614,33,13.6,0.8319,1,1,0.187,46.0,0
3825.0,8672,1578.9,0.9528,19,13.5,0.8977,1,1,0.216,30.8,0
3356.1,7609,1385.4,0.9723,16,13.9,0.9118,1,1,0.189,28.5,0
3774.1,8557,1557.9,0.99,10,13.8,0.94,1,1,0.156,22.6,0
5200.4,11791,2146.7,0.9397,21,14.8,0.8883,1,1,0.309,35.9,0
1305.5,2960,538.9,0.9854,14,14.3,0.9212,1,1,0.353,27.3,0
1563.1,3544,645.2,0.99,11,14.2,0.9353,1,1,0.306,24.3,0
3524.4,7991,1454.8,0.8745,31,13.3,0.8413,1,1,0.342,43.2,0
1044.7,2368,431.2,0.99,11,14.0,0.9353,1,1,0.119,23.9,0
3507.0,7951,1447.7,0.9593,18,14.6,0.9024,1,1,0.26,32.3,0
3870.9,8777,1597.9,0.9071,26,14.1,0.8648,1,1,0.361,39.7,0
3198.3,7251,1320.2,0.99,9,14.7,0.9447,1,1,0.169,23.8,0
2402.2,5446,991.6,0.9593,18,14.4,0.9024,1,1,0.273,31.8,0
4058.3,9201,1675.2,0.8484,35,14.0,0.8225,1,1,0.38,47.9,0
5675.4,12868,2342.7,0.9201,24,13.7,0.8742,1,1,0.308,36.6,0
2313.0,5244,954.8,0.9854,14,13.6,0.9212,1,1,0.32,25.7,0
5737.6,13009,2368.4,0.8875,29,13.5,0.8507,1,1,0.385,41.5,0
4766.0,10806,1967.3,0.9462,20,14.5,0.893,1,1,0.218,34.2,0
3291.2,7462,1358.6,0.9071,26,13.9,0.8648,1,1,0.282,39.2,0
5750.8,13039,2373.9,0.9593,18,13.2,0.9024,1,1,0.136,29.0,0
4127.0,9357,1703.6,0.9593,18,14.3,0.9024,1,1,0.145,31.6,0
1744.0,3954,719.9,0.99,12,13.8,0.9306,1,1,0.263,24.3,0
4331.8,9822,1788.1,0.9201,24,14.5,0.8742,1,1,0.334,38.5,0
5961.1,13516,2460.7,0.9397,21,13.3,0.8883,1,1,0.173,32.5,0
3778.6,8567,1559.8,0.9462,20,14.4,0.893,1,1,0.166,34.0,0
4628.4,10494,1910.6,0.99,12,14.4,0.9306,1,1,0.18,25.6,0
3607.6,8179,1489.2,0.99,13,13.3,0.9259,1,1,0.296,24.0,0
3538.4,8023,1460.6,0.99,11,13.9,0.9353,1,1,0.391,23.7,0
3334.9,7561,1376.6,0.8745,31,14.7,0.8413,1,1,0.319,46.4,0
6800.0,15400,4600.0,0.837,92,26.0,0.78,1,1,0.827,67.1,1
3851.4,8722,2605.4,0.664,46,35.2,0.6396,1,1,0.85,75.8,1
6273.4,14207,4243.8,0.25,144,34.8,0.3,1,1,0.846,96.8,1
11178.4,25315,7561.9,0.5078,74,29.6,0.5304,1,1,0.894,80.2,1
3773.0,8544,2552.3,0.597,58,34.8,0.5928,1,1,0.752,78.8,1
12028.3,27240,8136.8,0.5803,61,37.8,0.5811,1,1,0.843,81.4,1
4749.6,10756,3213.0,0.2846,114,41.5,0.3744,1,1,0.946,98.0,1
10419.4,23596,7048.4,0.25,146,35.9,0.3,1,1,0.806,97.5,1
5581.5,12640,3775.7,0.4241,89,28.7,0.4719,1,1,0.879,83.8,1
2515.9,5697,1701.9,0.6417,50,35.3,0.624,1,1,0.857,76.9,1
8237.5,18655,5572.4,0.25,160,38.3,0.3,1,1,0.828,98.0,1
10175.3,23044,6883.3,0.25,173,36.5,0.3,1,1,0.988,97.8,1
6747.5,15281,4564.5,0.25,146,38.1,0.3,1,1,0.803,98.0,1
9088.9,20583,6148.4,0.491,77,31.4,0.5187,1,1,0.824,82.0,1
5360.7,12140,3626.3,0.5803,61,32.7,0.5811,1,1,0.794,78.4,1
6478.0,14670,4382.2,0.2622,118,28.9,0.3588,1,1,0.818,91.8,1
10428.8,23618,7054.7,0.2567,119,35.9,0.3549,1,1,0.737,96.1,1
4427.2,10026,2994.9,0.25,180,30.7,0.3,1,1,0.928,94.5,1
6812.3,15427,4608.3,0.3404,104,38.6,0.4134,1,1,0.932,93.6,1
7212.2,16333,4878.8,0.25,131,39.2,0.3081,1,1,0.974,98.0,1
4722.3,10694,3194.5,0.3125,109,40.6,0.3939,1,1,0.923,96.1,1
10528.9,23844,7122.5,0.5747,62,35.2,0.5772,1,1,0.909,80.1,1
4178.7,9463,2826.7,0.25,171,31.5,0.3,1,1,0.876,94.9,1
2154.8,4880,1457.7,0.25,158,31.5,0.3,1,1,0.89,94.9,1
11081.3,25095,7496.2,0.25,123,39.9,0.3393,1,1,0.869,98.0,1
10140.9,22966,6860.0,0.25,155,32.0,0.3,1,1,0.742,95.2,1
2680.2,6069,1813.1,0.3515,102,35.2,0.4212,1,1,0.986,91.1,1
3071.3,6955,2077.6,0.664,46,41.8,0.6396,1,1,0.929,79.6,1
4079.3,9238,2759.5,0.4408,86,38.3,0.4836,1,1,0.82,88.5,1
7130.6,16148,4823.7,0.25,121,41.5,0.3471,1,1,0.99,98.0,1
4924.4,11152,3331.2,0.25,154,37.0,0.3,1,1,0.898,98.0,1
8079.2,18297,5465.4,0.25,171,39.7,0.3,1,1,0.741,98.0,1
2830.0,6409,1914.4,0.664,46,37.5,0.6396,1,1,0.711,77.1,1
4848.8,10981,3280.0,0.25,183,39.3,0.3,1,1,0.746,98.0,1
7505.3,16997,5077.1,0.25,166,31.2,0.3,1,1,0.889,94.8,1
10432.1,23625,7057.0,0.2957,112,30.5,0.3822,1,1,0.785,91.1,1
3508.0,7944,2373.1,0.5078,74,34.1,0.5304,1,1,0.742,82.8,1
7177.3,16254,4855.2,0.2901,113,36.4,0.3783,1,1,0.731,94.8,1
6267.8,14194,4240.0,0.3738,98,32.6,0.4368,1,1,0.906,88.5,1
11420.5,25864,7725.7,0.3069,110,32.7,0.39,1,1,0.89,91.8,1
2774.7,6283,1877.0,0.25,144,31.6,0.3,1,1,0.78,95.0,1
1820.0,4200,1950.0,0.9333,42,20.0,0.89,1,1,0.702,54.0,1
1393.4,3215,1492.9,0.728,48,25.1,0.7209,1,1,0.736,70.4,1
2237.2,5162,2397.0,0.7404,46,27.6,0.7298,1,1,0.778,71.7,1
1103.3,2546,1182.1,0.8151,34,24.2,0.7832,1,1,0.971,65.5,1
2539.8,5861,2721.2,0.8649,26,25.6,0.8188,1,1,0.728,58.6,1
2200.8,5078,2358.0,0.5102,83,23.4,0.5652,1,1,0.705,79.1,1
2906.1,6706,3113.7,0.6409,62,24.5,0.6586,1,1,0.77,74.3,1
1154.2,2663,1236.7,0.5538,76,26.7,0.5963,1,1,0.87,80.2,1
1951.0,4502,2090.4,0.7093,51,21.1,0.7076,1,1,0.213,64.7,0
2127.5,4909,2279.4,0.5476,77,22.9,0.5918,1,1,0.958,76.3,1
3197.9,7379,3426.3,0.6533,60,25.3,0.6675,1,1,0.887,74.2,1
3009.3,6944,3224.3,0.6222,65,22.3,0.6453,1,1,0.759,71.4,1
1239.6,2860,1328.1,0.6347,63,26.7,0.6542,1,1,0.825,76.3,1
2295.7,5297,2459.7,0.6658,58,25.9,0.6764,1,1,0.999,74.1,1
1534.8,3541,1644.5,0.6036,68,25.5,0.6319,1,1,0.936,76.8,1
2509.9,5792,2689.2,0.784,39,25.5,0.761,1,1,0.886,68.0,1
2986.6,6892,3200.0,0.5476,77,25.5,0.5918,1,1,0.851,79.6,1
2611.0,6025,2797.4,0.672,57,21.8,0.6809,1,1,0.124,68.0,0
1577.6,3640,1690.3,0.896,21,22.9,0.8411,1,1,0.788,49.9,1
1356.5,3130,1453.4,0.7218,49,23.2,0.7165,1,1,0.939,68.3,1
2412.3,5566,2584.6,0.784,39,21.5,0.761,1,1,0.19,61.8,0
1653.0,3814,1771.1,0.6471,61,25.3,0.6631,1,1,0.883,74.5,1
2247.3,5185,2407.8,0.6969,53,25.0,0.6986,1,1,0.731,71.9,1
1222.0,2820,1309.3,0.8462,29,23.3,0.8054,1,1,0.871,59.2,1
821.4,1895,880.1,0.7031,52,21.7,0.7031,1,1,0.185,66.3,0
2069.3,4775,2217.2,0.5538,76,24.8,0.5963,1,1,0.994,78.8,1
3148.1,7264,3373.0,0.5164,82,22.3,0.5696,1,1,0.72,76.7,1
3267.4,7540,3500.8,0.7902,38,22.6,0.7654,1,1,0.783,63.7,1
1435.7,3313,1538.2,0.8213,33,24.3,0.7877,1,1,0.908,65.0,1
1634.0,3770,1750.7,0.7591,43,21.7,0.7432,1,1,0.126,63.5,0
1798.9,4151,1927.4,0.8213,33,22.2,0.7877,1,1,0.99,61.2,1
893.7,2062,957.5,0.8213,33,26.9,0.7877,1,1,0.717,67.0,1
690.4,1593,739.7,0.5911,70,20.9,0.623,1,1,0.295,70.2,0
2827.2,6524,3029.2,0.8462,29,22.9,0.8054,1,1,0.751,58.3,1
2505.2,5781,2684.1,0.6533,60,25.1,0.6675,1,1,0.925,74.1,1
1924.5,4441,2062.0,0.7778,40,23.1,0.7565,1,1,0.904,65.3,1
752.9,1737,806.7,0.7716,41,26.3,0.7521,1,1,0.832,69.2,1
2886.8,6661,3093.0,0.784,39,21.7,0.761,1,1,0.211,62.2,0
1134.0,2616,1215.0,0.8338,31,21.1,0.7965,1,1,0.184,56.9,0
1518.5,3504,1626.9,0.8836,23,22.1,0.8322,1,1,0.774,50.4,1
2967.7,6848,3179.7,0.7778,40,23.7,0.7565,1,1,0.806,66.6,1
1250.0,3100,1420.0,0.9085,35,28.0,0.82,1,0,0.857,53.1,1
1836.6,4554,2086.4,0.5875,68,39.3,0.5822,1,0,0.782,70.3,1
803.5,1992,912.8,0.8479,25,31.3,0.7585,1,0,0.764,47.2,1
961.7,2385,1092.5,0.8963,17,30.4,0.7913,1,0,0.12,38.4,0
1008.1,2499,1145.2,0.7994,33,39.7,0.7257,1,0,0.821,60.0,1
746.6,1851,848.1,0.6844,52,33.6,0.6478,1,0,0.896,62.6,1
656.5,1628,745.8,0.6601,56,42.5,0.6314,1,0,0.934,68.5,1
2026.2,5025,2301.8,0.6359,60,39.4,0.615,1,0,0.85,68.0,1
972.0,2410,1104.2,0.8055,32,39.3,0.7298,1,0,0.804,58.8,1
1969.5,4884,2237.3,0.7813,36,33.8,0.7134,1,0,0.963,58.0,1
841.6,2087,956.1,0.6299,61,37.1,0.6109,1,0,0.957,67.1,1
516.3,1280,586.5,0.5935,67,42.4,0.5863,1,0,0.783,71.7,1
2110.3,5233,2397.3,0.5814,69,38.2,0.5781,1,0,0.826,70.0,1
1762.9,4372,2002.7,0.8963,17,33.5,0.7913,1,0,0.747,40.0,1
1773.8,4399,2015.1,0.5935,67,33.0,0.5863,1,0,0.852,66.7,1
1593.5,3951,1810.2,0.7631,39,36.7,0.7011,1,0,0.729,60.4,1
2093.2,5191,2377.9,0.8358,27,32.4,0.7503,1,0,0.749,49.8,1
723.9,1795,822.4,0.8237,29,33.3,0.7421,1,0,0.895,52.4,1
1376.8,3414,1564.1,0.6177,63,37.6,0.6027,1,0,0.916,68.0,1
655.1,1624,744.2,0.7631,39,37.5,0.7011,1,0,0.904,60.9,1
551.0,1366,625.9,0.8721,21,39.2,0.7749,1,0,0.998,47.2,1
1903.2,4719,2162.0,0.6662,55,38.4,0.6355,1,0,0.83,66.0,1
1579.0,3915,1793.7,0.7328,44,40.2,0.6806,1,0,0.79,63.8,1
597.3,1481,678.6,0.7086,48,33.5,0.6642,1,0,0.914,61.4,1
1149.3,2850,1305.6,0.757,40,30.1,0.697,1,0,0.332,57.2,0
2091.0,5185,2375.3,0.8661,22,36.9,0.7708,1,0,0.806,47.0,1
1393.9,3456,1583.4,0.6359,60,42.5,0.615,1,0,0.757,69.7,1
652.3,1617,741.0,0.8237,29,33.0,0.7421,1,0,0.904,52.3,1
1164.0,2886,1322.3,0.7934,34,30.2,0.7216,1,0,0.16,55.5,0
827.3,2051,939.9,0.8479,25,34.7,0.7585,1,0,0.775,49.0,1
2176.8,5398,2472.9,0.8237,29,38.2,0.7421,1,0,0.974,55.0,1
2049.1,5081,2327.8,0.86,23,38.8,0.7667,1,0,0.832,49.1,1
1360.3,3373,1545.3,0.6359,60,30.8,0.615,1,0,0.777,63.4,1
996.6,2471,1132.2,0.8176,30,31.7,0.738,1,0,0.986,52.6,1
693.9,1720,788.3,0.86,23,33.5,0.7667,1,0,0.797,46.3,1
1023.0,2536,1162.1,0.6238,62,42.3,0.6068,1,0,0.753,70.2,1
668.3,1657,759.2,0.7631,39,41.3,0.7011,1,0,0.92,62.9,1
1138.3,2823,1293.2,0.642,59,37.9,0.6191,1,0,0.751,66.9,1
474.1,1175,538.6,0.5996,66,37.9,0.5904,1,0,0.756,69.0,1
2247.8,5574,2553.5,0.5875,68,41.1,0.5822,1,0,0.816,71.3,1
1006.7,2496,1143.6,0.8539,24,43.4,0.7626,1,0,0.799,52.6,1
2240.0,5400,1820.0,0.978,14,16.0,0.95,1,1,0.184,28.5,0
2115.5,5099,1718.9,0.9454,20,16.1,0.9025,1,1,0.342,35.6,0
2986.0,7198,2426.2,0.9063,26,16.2,0.874,1,1,0.289,42.2,0
1486.4,3583,1207.7,0.99,12,15.3,0.9405,1,1,0.148,25.5,0
3498.5,8433,2842.5,0.9324,22,16.1,0.893,1,1,0.103,37.7,0
2180.8,5257,1771.9,0.9324,22,16.5,0.893,1,1,0.33,38.6,0
2019.9,4869,1641.2,0.9063,26,16.2,0.874,1,1,0.208,42.2,0
1150.6,2773,934.9,0.9063,26,15.2,0.874,1,1,0.203,40.0,0
3645.8,8788,2962.2,0.9259,23,16.2,0.8882,1,1,0.177,39.0,0
2618.7,6313,2127.7,0.9454,20,15.8,0.9025,1,1,0.337,34.9,0
3292.1,7936,2674.8,0.978,15,16.2,0.9263,1,1,0.27,30.4,0
3805.3,9173,3091.8,0.9845,14,15.4,0.931,1,1,0.103,27.6,0
2808.8,6771,2282.2,0.99,11,16.4,0.9452,1,1,0.204,27.0,0
2943.1,7094,2391.2,0.9259,23,15.7,0.8882,1,1,0.392,38.0,0
1665.3,4014,1353.0,0.99,13,15.8,0.9358,1,1,0.301,27.5,0
2635.9,6354,2141.7,0.965,17,15.3,0.9168,1,1,0.102,30.6,0
1770.3,4267,1438.4,0.99,13,15.2,0.9358,1,1,0.242,26.1,0
3042.9,7335,2472.4,0.9519,19,15.9,0.9073,1,1,0.161,34.1,0
3633.7,8759,2952.4,0.99,9,15.9,0.9548,1,1,0.295,24.3,0
3561.9,8586,2894.0,0.9519,19,15.8,0.9073,1,1,0.193,33.8,0
903.5,2178,734.1,0.99,9,15.6,0.9548,1,1,0.105,23.6,0
1520.2,3664,1235.2,0.9519,19,15.9,0.9073,1,1,0.28,34.1,0
3289.3,7929,2672.5,0.99,13,15.1,0.9358,1,1,0.272,26.0,0
2082.1,5019,1691.7,0.965,17,15.0,0.9168,1,1,0.394,30.0,0
3348.7,8072,2720.8,0.9585,18,16.0,0.912,1,1,0.221,33.2,0
1027.1,2476,834.6,0.8998,27,16.1,0.8692,1,1,0.345,43.1,0
3033.8,7313,2464.9,0.9389,21,15.5,0.8978,1,1,0.387,35.3,0
3301.9,7959,2682.8,0.9128,25,16.1,0.8788,1,1,0.377,40.9,0
1492.4,3597,1212.5,0.9324,22,16.3,0.893,1,1,0.292,38.2,0
1638.4,3949,1331.2,0.9063,26,16.4,0.874,1,1,0.133,42.7,0
3792.8,9143,3081.7,0.978,15,15.5,0.9263,1,1,0.321,28.9,0
3334.7,8039,2709.5,0.99,8,15.8,0.9595,1,1,0.376,23.3,0
4022.3,9696,3268.1,0.978,15,15.8,0.9263,1,1,0.235,29.6,0
3693.9,8904,3001.3,0.965,17,16.1,0.9168,1,1,0.214,32.3,0
3725.1,8980,3026.7,0.99,8,16.2,0.9595,1,1,0.346,24.1,0
2234.3,5386,1815.4,0.99,9,15.5,0.9548,1,1,0.194,23.4,0
800.0,1928,650.0,0.99,9,16.2,0.9548,1,1,0.186,24.9,0
1740.2,4195,1413.9,0.99,12,16.5,0.9405,1,1,0.321,28.1,0
2787.7,6720,2265.0,0.9063,26,15.5,0.874,1,1,0.15,40.7,0
1809.4,4362,1470.2,0.9845,14,15.6,0.931,1,1,0.143,28.0,0
3118.7,7518,2533.9,0.99,12,15.6,0.9405,1,1,0.378,26.1,0
3120.0,4100,1150.0,0.9478,11,15.0,0.94,1,0,0.333,15.9,0
3320.0,4362,1223.7,0.9731,11,14.5,0.9353,1,0,0.272,14.6,0
2533.0,3328,933.6,0.9162,20,14.5,0.893,1,0,0.218,24.2,0
3337.4,4385,1230.1,0.9415,16,14.8,0.9118,1,0,0.386,20.6,0
2173.0,2855,800.9,0.99,8,14.6,0.9494,1,0,0.254,11.7,0
3985.7,5237,1469.1,0.99,8,14.0,0.9494,1,0,0.247,10.4,0
2565.8,3371,945.7,0.9289,18,14.3,0.9024,1,0,0.12,21.6,0
1994.8,2621,735.3,0.9541,14,14.1,0.9212,1,0,0.145,16.9,0
5226.0,6867,1926.3,0.99,8,14.4,0.9494,1,0,0.168,11.3,0
3522.7,4629,1298.4,0.9857,9,13.9,0.9447,1,0,0.335,11.1,0
1168.7,1535,430.8,0.9794,10,14.1,0.94,1,0,0.296,12.6,0
3087.7,4057,1138.1,0.99,7,14.3,0.9541,1,0,0.364,10.2,0
2684.2,3527,989.4,0.9541,14,14.2,0.9212,1,0,0.186,17.1,0
4265.9,5605,1572.4,0.9226,19,14.7,0.8977,1,0,0.135,23.6,0
5470.8,7189,2016.5,0.9226,19,14.3,0.8977,1,0,0.136,22.7,0
1185.9,1558,437.1,0.9857,9,14.0,0.9447,1,0,0.326,11.4,0
3909.3,5137,1440.9,0.9668,12,14.0,0.9306,1,0,0.157,14.6,0
1465.9,1926,540.3,0.9541,14,14.7,0.9212,1,0,0.136,18.3,0
3365.9,4423,1240.6,0.9541,14,14.0,0.9212,1,0,0.249,16.6,0
5555.2,7300,2047.6,0.9289,18,14.0,0.9024,1,0,0.348,21.0,0
4190.2,5506,1544.5,0.9605,13,14.8,0.9259,1,0,0.332,17.4,0
2568.6,3375,946.7,0.99,5,14.0,0.9635,1,0,0.211,7.8,0
3860.6,5073,1423.0,0.9478,15,14.8,0.9165,1,0,0.209,19.6,0
2096.8,2755,772.9,0.9605,13,14.8,0.9259,1,0,0.154,17.4,0
1498.0,1968,552.1,0.9668,12,14.9,0.9306,1,0,0.383,16.6,0
4283.5,5628,1578.8,0.9289,18,14.2,0.9024,1,0,0.184,21.4,0
1132.8,1488,417.5,0.9478,15,14.8,0.9165,1,0,0.26,19.5,0
1343.9,1766,495.4,0.9794,10,14.0,0.94,1,0,0.155,12.4,0
3095.3,4067,1140.9,0.9668,12,14.0,0.9306,1,0,0.163,14.6,0
3104.7,4079,1144.4,0.9731,11,14.3,0.9353,1,0,0.216,14.1,0
958.3,1259,353.2,0.9668,12,14.8,0.9306,1,0,0.22,16.3,0
4966.5,6526,1830.6,0.99,7,14.8,0.9541,1,0,0.245,11.4,0
3044.3,4000,1122.1,0.9731,11,14.3,0.9353,1,0,0.395,14.1,0
1338.4,1758,493.3,0.9415,16,14.8,0.9118,1,0,0.305,20.7,0
4877.6,6409,1797.8,0.9226,19,14.2,0.8977,1,0,0.331,22.4,0
4453.4,5852,1641.5,0.99,6,14.5,0.9588,1,0,0.314,9.8,0
3659.4,4808,1348.8,0.99,8,14.7,0.9494,1,0,0.282,11.9,0
1591.2,2091,586.5,0.9605,13,13.8,0.9259,1,0,0.308,15.2,0
4757.9,6252,1753.7,0.9162,20,14.0,0.893,1,0,0.323,23.1,0
1549.1,2035,571.0,0.9794,10,14.5,0.94,1,0,0.155,13.5,0
2750.2,3614,1013.7,0.9668,12,14.0,0.9306,1,0,0.108,14.5,0
1650.0,3800,840.0,0.7381,39,31.0,0.65,1,1,0.968,75.2,1
2319.3,5341,1180.8,0.6052,42,52.0,0.546,1,1,0.839,84.5,1
1763.7,4061,897.9,0.5413,55,56.8,0.5038,1,1,0.954,90.0,1
2491.1,5736,1268.2,0.6298,37,38.9,0.5623,1,1,0.98,77.0,1
2457.7,5660,1251.2,0.6151,40,41.2,0.5525,1,1,0.734,78.9,1
2309.9,5319,1175.9,0.684,26,54.7,0.598,1,1,0.998,76.5,1
2203.2,5074,1121.6,0.6741,28,42.9,0.5915,1,1,0.889,72.8,1
2889.9,6655,1471.2,0.5905,45,47.4,0.5363,1,1,0.776,83.1,1
1189.4,2739,605.5,0.5216,59,45.2,0.4908,1,1,0.942,85.3,1
2691.9,6199,1370.4,0.6544,32,37.4,0.5785,1,1,0.992,74.1,1
2558.4,5892,1302.5,0.6643,30,45.4,0.585,1,1,0.763,76.0,1
1424.7,3281,725.3,0.6102,41,55.9,0.5493,1,1,0.753,86.2,1
1187.8,2735,604.7,0.5363,56,40.0,0.5005,1,1,0.888,82.1,1
1020.7,2350,519.6,0.4429,75,57.7,0.4388,1,1,0.903,95.1,1
1691.3,3895,861.0,0.5708,49,50.8,0.5233,1,1,0.933,85.7,1
2124.5,4892,1081.5,0.4478,74,43.1,0.442,1,1,0.947,87.8,1
1695.3,3904,863.0,0.5167,60,51.8,0.4875,1,1,0.801,88.7,1
2507.7,5775,1276.6,0.6102,41,45.2,0.5493,1,1,0.821,81.0,1
2286.4,5265,1164.0,0.4921,65,39.7,0.4713,1,1,0.824,84.1,1
2415.7,5563,1229.8,0.5856,46,44.8,0.533,1,1,0.929,82.0,1
1582.2,3643,805.5,0.4379,76,52.5,0.4355,1,1,0.749,92.9,1
1464.7,3373,745.7,0.5511,53,48.9,0.5103,1,1,0.999,85.7,1
1621.4,3734,825.4,0.6003,43,45.5,0.5428,1,1,0.727,81.6,1
2375.1,5469,1209.1,0.6692,29,36.2,0.5883,1,1,0.773,70.6,1
2926.0,6738,1489.6,0.5659,50,37.7,0.52,1,1,0.762,79.5,1
2881.4,6635,1466.9,0.4527,73,44.7,0.4453,1,1,0.867,88.4,1
1247.8,2873,635.2,0.7135,20,49.8,0.6175,1,1,0.906,68.3,1
2878.5,6629,1465.4,0.6741,28,51.0,0.5915,1,1,0.722,76.8,1
1455.7,3352,741.1,0.6151,40,47.8,0.5525,1,1,0.739,82.1,1
1937.6,4462,986.4,0.7086,21,37.2,0.6143,1,1,0.896,63.2,1
1439.6,3315,732.9,0.5905,45,41.9,0.5363,1,1,0.751,80.4,1
2016.8,4644,1026.8,0.4773,68,48.9,0.4615,1,1,0.756,89.2,1
2262.1,5209,1151.6,0.6692,29,53.4,0.5883,1,1,0.849,78.9,1
2303.6,5305,1172.7,0.5462,54,38.3,0.507,1,1,0.782,80.8,1
744.6,1714,379.0,0.5757,48,48.2,0.5265,1,1,0.748,84.1,1
2353.9,5421,1198.3,0.6544,32,52.6,0.5785,1,1,0.957,81.5,1
1172.5,2700,596.9,0.5905,45,52.9,0.5363,1,1,0.918,85.7,1
769.5,1772,391.7,0.433,77,44.8,0.4323,1,1,0.861,89.4,1
978.1,2252,498.0,0.561,51,52.5,0.5168,1,1,0.803,86.9,1
2802.8,6454,1426.9,0.6987,23,51.5,0.6078,1,1,0.889,72.0,1
2455.1,5654,1249.9,0.4921,65,35.6,0.4713,1,1,0.905,82.1,1
420.0,1450,340.0,0.7647,48,36.0,0.68,1,0,0.822,65.6,1
620.5,2142,502.3,0.7086,26,45.0,0.6256,1,0,0.813,57.4,1
486.2,1678,393.6,0.5557,56,47.5,0.5236,1,0,0.744,71.4,1
718.2,2479,581.4,0.418,83,68.2,0.4318,1,0,0.824,86.6,1
529.3,1827,428.5,0.6576,36,43.1,0.5916,1,0,0.706,64.6,1
126.7,437,102.6,0.362,94,57.8,0.3944,1,0,0.739,85.0,1
753.2,2600,609.7,0.4639,74,64.3,0.4624,1,0,0.779,82.8,1
247.5,854,200.4,0.5557,56,73.1,0.5236,1,0,0.925,80.1,1
338.9,1170,274.4,0.4486,77,54.7,0.4522,1,0,0.928,79.6,1
136.0,469,110.1,0.6627,35,58.3,0.595,1,0,0.729,70.7,1
629.3,2172,509.4,0.5557,56,58.2,0.5236,1,0,0.95,75.8,1
129.9,448,105.2,0.3722,92,62.4,0.4012,1,0,0.801,86.4,1
555.2,1916,449.4,0.3875,89,66.5,0.4114,1,0,0.863,87.4,1
357.3,1233,289.3,0.6016,47,61.6,0.5542,1,0,0.72,75.0,1
606.9,2095,491.3,0.3569,95,45.1,0.391,1,0,0.94,80.0,1
581.4,2007,470.6,0.6169,44,69.0,0.5644,1,0,0.973,77.1,1
312.8,1079,253.2,0.7035,27,58.6,0.6222,1,0,0.787,64.1,1
518.6,1790,419.8,0.6933,29,48.2,0.6154,1,0,0.735,61.8,1
491.3,1696,397.7,0.6525,37,66.5,0.5882,1,0,0.948,74.6,1
522.9,1805,423.3,0.4792,71,67.1,0.4726,1,0,0.878,83.2,1
142.3,491,115.2,0.4537,76,68.6,0.4556,1,0,0.99,85.0,1
454.9,1570,368.2,0.3875,89,56.4,0.4114,1,0,0.981,83.2,1
661.3,2283,535.4,0.4231,82,47.2,0.4352,1,0,0.731,77.6,1
230.7,796,186.8,0.6831,31,71.5,0.6086,1,0,0.757,72.2,1
742.7,2564,601.3,0.3671,93,70.7,0.3978,1,0,0.727,89.2,1
522.4,1803,422.9,0.4639,74,60.7,0.4624,1,0,0.762,81.3,1
615.6,2125,498.4,0.622,43,49.9,0.5678,1,0,0.927,69.2,1
540.2,1864,437.3,0.5557,56,54.0,0.5236,1,0,0.774,74.1,1
167.3,577,135.4,0.3824,90,69.2,0.408,1,0,0.843,88.5,1
294.4,1016,238.3,0.6322,41,64.4,0.5746,1,0,0.951,74.7,1
262.3,905,212.3,0.4843,70,56.6,0.476,1,0,0.931,78.6,1
476.2,1644,385.5,0.6627,35,57.8,0.595,1,0,0.906,70.5,1
477.7,1649,386.7,0.5455,58,56.6,0.5168,1,0,0.785,75.7,1
199.8,689,161.7,0.622,43,55.3,0.5678,1,0,0.947,71.4,1
729.6,2518,590.6,0.5608,55,54.1,0.527,1,0,0.826,73.9,1
236.8,817,191.7,0.4792,71,64.1,0.4726,1,0,0.82,82.0,1
127.1,438,102.9,0.5557,56,56.3,0.5236,1,0,0.905,75.0,1
526.5,1817,426.2,0.5353,60,60.6,0.51,1,0,0.766,77.8,1
336.3,1160,272.2,0.6576,36,51.6,0.5916,1,0,0.944,68.2,1
311.3,1074,252.0,0.6373,40,56.6,0.578,1,0,0.976,71.2,1
665.9,2298,539.0,0.622,43,52.7,0.5678,1,0,0.959,70.3,1
680.0,2800,890.0,0.573,78,42.0,0.52,1,1,0.993,88.5,1
463.0,1906,606.0,0.4164,56,69.9,0.4004,1,1,0.855,93.9,1
501.8,2066,656.7,0.2636,96,57.7,0.3,1,1,0.897,96.9,1
316.4,1302,414.1,0.4202,55,89.0,0.403,1,1,0.924,97.2,1
407.3,1676,533.0,0.4355,51,92.7,0.4134,1,1,0.898,96.5,1
436.0,1795,570.6,0.2903,89,71.3,0.3146,1,1,0.991,98.0,1
366.8,1510,480.1,0.25,101,67.1,0.3,1,1,0.729,98.0,1
1220.9,5027,1597.9,0.3362,77,75.6,0.3458,1,1,0.997,98.0,1
1016.8,4186,1330.8,0.4355,51,96.2,0.4134,1,1,0.765,96.5,1
772.7,3181,1011.4,0.2789,92,74.8,0.3068,1,1,0.948,98.0,1
629.2,2590,823.5,0.25,144,95.2,0.3,1,1,0.946,98.0,1
657.2,2706,860.2,0.25,111,98.3,0.3,1,1,0.983,98.0,1
243.3,1001,318.4,0.25,100,97.3,0.3,1,1,0.904,98.0,1
706.5,2909,924.7,0.3706,68,79.1,0.3692,1,1,0.774,98.0,1
1200.0,4941,1570.6,0.25,140,83.0,0.3,1,1,0.87,98.0,1
511.0,2103,668.8,0.3285,79,75.9,0.3406,1,1,0.882,98.0,1
348.8,1436,456.5,0.4049,59,57.7,0.3926,1,1,0.738,90.1,1
262.1,1079,343.0,0.3629,70,80.4,0.364,1,1,0.987,98.0,1
1057.8,4355,1384.5,0.25,141,94.9,0.3,1,1,0.754,98.0,1
435.8,1794,570.4,0.2751,93,55.9,0.3042,1,1,0.753,95.7,1
948.7,3906,1241.7,0.25,147,98.4,0.3,1,1,0.992,98.0,1
1152.3,4744,1508.2,0.25,119,80.6,0.3,1,1,0.932,98.0,1
929.0,3825,1215.8,0.3629,70,87.9,0.364,1,1,0.895,98.0,1
488.3,2010,639.1,0.34,76,64.1,0.3484,1,1,0.959,95.5,1
776.7,3198,1016.6,0.4546,46,84.7,0.4264,1,1,0.995,95.6,1
1208.6,4976,1581.9,0.25,106,82.5,0.3,1,1,0.762,98.0,1
519.2,2137,679.6,0.3935,62,70.0,0.3848,1,1,0.744,95.0,1
1092.2,4497,1429.5,0.25,152,90.9,0.3,1,1,0.924,98.0,1
584.7,2407,765.3,0.4431,49,77.4,0.4186,1,1,0.755,95.3,1
250.5,1031,327.9,0.25,128,92.3,0.3,1,1,0.997,98.0,1
393.7,1621,515.3,0.25,149,63.6,0.3,1,1,0.963,98.0,1
1022.2,4209,1337.9,0.25,117,78.7,0.3,1,1,0.704,98.0,1
435.3,1792,569.7,0.25,100,58.8,0.3,1,1,0.975,97.8,1
1015.6,4181,1329.3,0.4775,40,58.5,0.442,1,1,0.803,86.8,1
698.8,2877,914.6,0.25,145,82.5,0.3,1,1,0.759,98.0,1
1173.2,4830,1535.5,0.25,137,83.2,0.3,1,1,0.973,98.0,1
1028.2,4233,1345.8,0.25,142,98.8,0.3,1,1,0.755,98.0,1
563.7,2321,737.8,0.4431,49,80.2,0.4186,1,1,0.709,96.1,1
245.1,1009,320.8,0.25,119,80.5,0.3,1,1,0.871,98.0,1
966.4,3979,1264.8,0.2942,88,73.1,0.3172,1,1,0.76,98.0,1
584.4,2406,764.9,0.25,126,68.0,0.3,1,1,0.873,98.0,1
840.0,2900,1100.0,0.8909,31,25.0,0.86,1,0,0.761,51.4,1
472.0,1629,618.1,0.689,49,36.7,0.6923,1,0,0.793,65.5,1
1162.2,4012,1522.0,0.6712,52,31.7,0.6794,1,0,0.976,63.4,1
403.1,1391,527.9,0.8137,28,29.7,0.7826,1,0,0.93,51.2,1
816.0,2817,1068.5,0.6296,59,39.3,0.6493,1,0,0.736,70.1,1
610.2,2106,799.1,0.8375,24,32.1,0.7998,1,0,0.899,48.4,1
1349.7,4659,1767.4,0.8493,22,28.0,0.8084,1,0,0.774,43.9,1
949.2,3276,1243.0,0.683,50,33.4,0.688,1,0,0.867,63.9,1
1294.4,4468,1695.1,0.7424,40,39.2,0.731,1,0,0.868,64.4,1
601.2,2075,787.3,0.7365,41,35.3,0.7267,1,0,0.871,62.4,1
1365.4,4713,1788.0,0.7187,44,37.8,0.7138,1,0,0.913,64.8,1
470.7,1624,616.3,0.6771,51,32.1,0.6837,1,0,0.741,63.4,1
486.8,1680,637.5,0.7246,43,28.1,0.7181,1,0,0.726,58.6,1
797.0,2751,1043.6,0.8137,28,38.5,0.7826,1,0,0.912,56.5,1
759.2,2621,994.2,0.7721,35,36.5,0.7525,1,0,0.99,61.3,1
278.8,962,365.1,0.8375,24,33.2,0.7998,1,0,0.917,49.1,1
1456.6,5028,1907.4,0.7068,46,39.5,0.7052,1,0,0.761,66.4,1
1167.6,4030,1529.0,0.6474,56,36.7,0.6622,1,0,0.83,67.6,1
1431.5,4942,1874.6,0.8731,18,32.1,0.8256,1,0,0.801,42.2,1
1278.0,4412,1673.6,0.7781,34,30.6,0.7568,1,0,0.951,57.5,1
1410.3,4868,1846.8,0.6771,51,34.8,0.6837,1,0,0.703,65.0,1
1067.8,3686,1398.3,0.6415,57,29.4,0.6579,1,0,0.93,63.5,1
1308.1,4515,1713.0,0.8078,29,29.6,0.7783,1,0,0.972,52.2,1
1498.5,5173,1962.3,0.8672,19,34.2,0.8213,1,0,0.879,44.5,1
932.3,3218,1220.9,0.7781,34,39.2,0.7568,1,0,0.816,62.7,1
405.4,1399,530.9,0.7424,40,27.9,0.731,1,0,0.811,57.6,1
911.0,3145,1193.0,0.8909,15,36.4,0.8385,1,0,0.915,41.6,1
1159.3,4002,1518.2,0.8672,19,30.7,0.8213,1,0,0.99,42.4,1
427.5,1475,559.8,0.8909,15,36.1,0.8385,1,0,0.889,41.4,1
407.6,1407,533.7,0.7543,38,39.0,0.7396,1,0,0.97,63.7,1
824.6,2846,1079.8,0.6652,53,30.0,0.6751,1,0,0.803,62.7,1
390.1,1346,510.9,0.6236,60,31.8,0.645,1,0,0.746,65.9,1
1199.8,4142,1571.1,0.7127,45,27.2,0.7095,1,0,0.108,58.7,0
1082.1,3735,1417.1,0.6177,61,31.8,0.6407,1,0,0.75,66.2,1
690.6,2384,904.3,0.7543,38,37.5,0.7396,1,0,0.794,62.8,1
1436.5,4959,1881.2,0.8018,30,36.1,0.774,1,0,0.92,57.1,1
326.1,1125,427.0,0.8909,15,34.0,0.8385,1,0,0.918,40.2,1
954.0,3293,1249.2,0.7959,31,36.8,0.7697,1,0,0.821,58.6,1
344.2,1188,450.8,0.8375,24,28.6,0.7998,1,0,0.891,46.3,1
514.6,1776,673.8,0.8553,21,32.2,0.8127,1,0,0.921,45.4,1
624.1,2154,817.3,0.6415,57,36.7,0.6579,1,0,0.749,67.9,1
1420.0,3900,1250.0,0.968,12,16.0,0.95,1,0,0.107,17.1,0
2230.8,6126,1963.7,0.9164,23,14.9,0.8882,1,0,0.335,26.5,0
2176.6,5978,1916.1,0.99,7,14.9,0.9643,1,0,0.195,10.4,0
2147.2,5897,1890.1,0.9486,18,15.3,0.912,1,0,0.348,22.0,0
603.8,1658,531.6,0.99,9,15.3,0.9548,1,0,0.352,12.9,0
1324.1,3636,1165.6,0.99,6,15.3,0.969,1,0,0.398,10.4,0
1895.3,5205,1668.4,0.99,8,15.9,0.9595,1,0,0.3,13.5,0
2197.3,6034,1934.2,0.9357,20,15.5,0.9025,1,0,0.396,24.6,0
2364.6,6494,2081.5,0.99,7,15.9,0.9643,1,0,0.366,12.6,0
2318.4,6367,2040.9,0.9422,19,15.3,0.9073,1,0,0.383,23.1,0
439.1,1205,386.5,0.99,10,16.1,0.95,1,0,0.314,15.6,0
2131.2,5853,1876.1,0.9357,20,15.1,0.9025,1,0,0.187,23.8,0
1092.0,2999,961.3,0.9164,23,15.3,0.8882,1,0,0.183,27.4,0
1632.8,4484,1437.3,0.9745,14,15.7,0.931,1,0,0.209,18.6,0
829.3,2277,730.0,0.9357,20,15.3,0.9025,1,0,0.219,24.2,0
1570.5,4313,1382.5,0.9551,17,16.1,0.9168,1,0,0.327,22.7,0
810.2,2225,713.2,0.9164,23,15.4,0.8882,1,0,0.373,27.6,0
2022.9,5555,1780.7,0.9357,20,15.4,0.9025,1,0,0.272,24.4,0
1448.9,3979,1275.4,0.9357,20,15.6,0.9025,1,0,0.36,24.9,0
550.3,1511,484.4,0.99,9,15.8,0.9548,1,0,0.242,14.1,0
2452.2,6734,2158.7,0.9874,12,16.0,0.9405,1,0,0.379,17.1,0
2471.3,6787,2175.4,0.9422,19,14.9,0.9073,1,0,0.257,22.3,0
1936.8,5319,1704.9,0.9164,23,15.1,0.8882,1,0,0.239,26.9,0
1971.6,5414,1735.6,0.9228,22,15.0,0.893,1,0,0.153,25.6,0
2020.4,5548,1778.5,0.99,8,15.4,0.9595,1,0,0.191,12.3,0
1219.8,3350,1073.8,0.9809,13,16.1,0.9358,1,0,0.14,18.4,0
2429.4,6672,2138.6,0.9293,21,14.9,0.8978,1,0,0.142,24.3,0
1675.8,4602,1475.2,0.9422,19,15.1,0.9073,1,0,0.165,22.7,0
1766.3,4850,1554.8,0.9745,14,15.3,0.931,1,0,0.254,17.7,0
650.8,1787,572.9,0.9615,16,15.0,0.9215,1,0,0.27,19.2,0
512.0,1406,450.7,0.9357,20,15.6,0.9025,1,0,0.299,24.8,0
1160.8,3188,1021.8,0.9745,14,15.3,0.931,1,0,0.162,17.7,0
795.9,2186,700.6,0.9874,12,15.6,0.9405,1,0,0.25,16.2,0
2213.5,6079,1948.5,0.99,7,15.9,0.9643,1,0,0.263,12.6,0
2002.9,5500,1763.1,0.9164,23,15.3,0.8882,1,0,0.166,27.4,0
910.3,2500,801.3,0.9551,17,15.3,0.9168,1,0,0.304,21.0,0
1237.5,3398,1089.3,0.9164,23,15.2,0.8882,1,0,0.329,27.2,0
1525.6,4190,1343.0,0.9615,16,15.0,0.9215,1,0,0.248,19.2,0
2368.7,6505,2085.1,0.9357,20,16.0,0.9025,1,0,0.139,25.7,0
1328.0,3647,1169.0,0.99,8,15.9,0.9595,1,0,0.116,13.4,0
2444.3,6713,2151.7,0.99,11,15.1,0.9452,1,0,0.22,14.3,0
1860.0,5100,1680.0,0.9464,22,18.0,0.91,1,1,0.384,39.9,0
745.2,2043,673.0,0.8329,33,20.0,0.8054,1,1,0.966,57.7,1
2341.7,6420,2115.0,0.8139,36,17.3,0.7917,1,1,0.344,53.2,0
2517.9,6903,2274.2,0.9654,12,18.0,0.9009,1,1,0.156,31.2,0
1977.2,5421,1785.9,0.9464,15,18.0,0.8873,1,1,0.182,34.4,0
2339.1,6413,2112.8,0.9527,14,17.6,0.8918,1,1,0.342,32.5,0
1968.9,5398,1778.4,0.9212,19,18.9,0.8691,1,1,0.108,40.5,0
2316.3,6351,2092.1,0.795,39,20.0,0.7781,1,1,0.781,59.8,1
1432.3,3927,1293.7,0.9086,21,17.3,0.86,1,1,0.217,39.3,0
628.2,1722,567.4,0.9338,17,19.6,0.8782,1,1,0.257,39.9,0
1653.1,4532,1493.2,0.8644,28,20.5,0.8281,1,1,0.777,53.4,1
3103.8,8510,2803.4,0.8896,24,19.8,0.8463,1,1,0.871,47.7,1
2201.9,6037,1988.8,0.8518,30,19.8,0.819,1,1,0.805,54.1,1
3065.1,8404,2768.5,0.8392,32,17.5,0.8099,1,1,0.215,51.4,0
1924.4,5276,1738.2,0.8707,27,20.5,0.8327,1,1,0.791,52.3,1
1102.5,3023,995.8,0.9527,14,19.3,0.8918,1,1,0.347,36.0,0
1511.8,4145,1365.5,0.8265,34,19.3,0.8008,1,1,0.39,56.8,0
1553.7,4260,1403.3,0.9717,11,17.4,0.9054,1,1,0.221,28.9,0
2069.0,5673,1868.8,0.9654,12,20.1,0.9009,1,1,0.854,35.6,1
2593.4,7110,2342.4,0.8644,28,19.1,0.8281,1,1,0.383,50.5,0
1529.0,4192,1381.0,0.7698,43,20.4,0.7599,1,1,0.951,61.9,1
1068.1,2928,964.7,0.8265,34,19.3,0.8008,1,1,0.268,56.7,0
2110.7,5787,1906.4,0.8833,25,19.3,0.8418,1,1,0.128,47.7,0
984.5,2699,889.2,0.8392,32,17.8,0.8099,1,1,0.117,52.0,0
1770.0,4853,1598.7,0.8833,25,18.7,0.8418,1,1,0.278,46.5,0
1217.1,3337,1099.3,0.9464,15,19.2,0.8873,1,1,0.388,36.9,0
1802.6,4942,1628.2,0.8644,28,18.1,0.8281,1,1,0.306,48.4,0
1672.0,4584,1510.2,0.8202,35,18.1,0.7963,1,1,0.262,54.5,0
718.7,1970,649.1,0.8518,30,19.7,0.819,1,1,0.11,53.8,0
2936.1,8050,2652.0,0.8392,32,18.7,0.8099,1,1,0.217,53.9,0
2911.4,7982,2629.7,0.877,26,19.6,0.8372,1,1,0.264,49.4,0
2620.8,7186,2367.2,0.9275,18,18.2,0.8736,1,1,0.248,38.0,0
2157.3,5915,1948.5,0.7887,40,19.6,0.7735,1,1,0.232,59.2,0
3047.5,8356,2752.6,0.9401,16,17.9,0.8827,1,1,0.148,35.3,0
1487.1,4077,1343.2,0.7824,41,17.6,0.769,1,1,0.173,55.4,0
3313.3,9084,2992.7,0.795,39,20.3,0.7781,1,1,0.918,60.4,1
2676.0,7337,2417.0,0.9654,12,18.7,0.9009,1,1,0.196,32.6,0
2503.0,6863,2260.8,0.9717,11,20.0,0.9054,1,1,0.744,34.3,1
935.1,2563,844.6,0.9149,20,19.0,0.8645,1,1,0.313,41.7,0
2798.3,7672,2527.5,0.7698,43,18.3,0.7599,1,1,0.364,57.5,0
2524.3,6921,2280.0,0.9338,17,18.4,0.8782,1,1,0.205,37.3,0
1540.0,6200,1890.0,0.4868,115,48.0,0.44,1,1,0.786,94.2,1
2144.8,8634,2632.3,0.25,189,72.6,0.3,1,1,0.82,98.0,1
744.0,2995,913.1,0.25,115,105.3,0.3,1,1,0.92,98.0,1
2581.1,10391,3167.8,0.318,67,71.2,0.3146,1,1,0.812,96.3,1
1159.8,4669,1423.5,0.25,216,98.7,0.3,1,1,0.803,98.0,1
1135.0,4569,1393.0,0.25,136,101.9,0.3,1,1,0.991,98.0,1
2336.8,9407,2867.9,0.3278,64,110.4,0.3212,1,1,0.947,98.0,1
2204.9,8876,2706.0,0.25,193,81.9,0.3,1,1,0.719,98.0,1
1412.2,5685,1733.1,0.25,140,113.6,0.3,1,1,0.799,98.0,1
1695.1,6824,2080.4,0.25,129,69.3,0.3,1,1,0.836,98.0,1
629.1,2532,772.1,0.25,95,127.5,0.3,1,1,0.8,98.0,1
936.1,3768,1148.9,0.25,178,120.8,0.3,1,1,0.956,98.0,1
1112.9,4480,1365.8,0.25,174,96.6,0.3,1,1,0.925,98.0,1
2434.3,9800,2987.5,0.25,217,110.7,0.3,1,1,0.889,98.0,1
2568.8,10342,3152.7,0.25,92,121.0,0.3,1,1,0.828,98.0,1
664.9,2677,816.1,0.25,151,114.6,0.3,1,1,0.885,98.0,1
2515.6,10127,3087.3,0.25,205,120.3,0.3,1,1,0.976,98.0,1
2418.0,9734,2967.6,0.25,137,129.9,0.3,1,1,0.844,98.0,1
2434.5,9801,2987.8,0.25,154,100.6,0.3,1,1,0.945,98.0,1
2598.5,10461,3189.1,0.25,90,113.0,0.3,1,1,0.974,98.0,1
1372.9,5527,1684.9,0.25,189,78.4,0.3,1,1,0.86,98.0,1
1639.0,6598,2011.5,0.25,96,77.3,0.3,1,1,0.845,98.0,1
1359.9,5475,1669.0,0.25,169,99.2,0.3,1,1,0.939,98.0,1
812.4,3270,997.1,0.25,111,82.2,0.3,1,1,0.982,98.0,1
1275.2,5133,1565.0,0.3018,72,75.2,0.3036,1,1,0.773,98.0,1
1724.1,6941,2116.0,0.2823,78,83.7,0.3,1,1,0.757,98.0,1
1786.8,7193,2192.9,0.25,194,129.8,0.3,1,1,0.866,98.0,1
1796.1,7231,2204.3,0.25,139,116.0,0.3,1,1,0.82,98.0,1
2527.5,10175,3101.9,0.25,100,104.5,0.3,1,1,0.759,98.0,1
2340.6,9423,2872.6,0.25,113,72.2,0.3,1,1,0.823,98.0,1
738.3,2972,906.2,0.25,162,126.2,0.3,1,1,0.713,98.0,1
810.3,3262,994.4,0.25,201,112.3,0.3,1,1,0.902,98.0,1
1761.6,7092,2162.0,0.25,136,106.1,0.3,1,1,0.987,98.0,1
2237.6,9008,2746.2,0.25,155,103.0,0.3,1,1,0.941,98.0,1
2008.4,8085,2464.9,0.25,191,109.8,0.3,1,1,0.76,98.0,1
1911.2,7694,2345.5,0.25,146,129.0,0.3,1,1,0.875,98.0,1
2168.1,8728,2660.8,0.25,91,77.0,0.3,1,1,0.837,98.0,1
1156.2,4654,1419.0,0.25,163,93.1,0.3,1,1,0.818,98.0,1
1034.0,4162,1269.0,0.25,210,90.1,0.3,1,1,0.885,98.0,1
2481.5,9990,3045.5,0.25,105,90.9,0.3,1,1,0.968,98.0,1
1549.1,6236,1901.1,0.25,186,100.8,0.3,1,1,0.936,98.0,1
380.0,1800,1850.0,0.9784,15,18.0,0.94,1,0,0.345,22.5,0
141.2,669,687.6,0.9327,22,17.4,0.8836,1,0,0.265,28.9,0
178.9,847,870.8,0.9458,20,19.1,0.893,1,0,0.219,30.3,0
369.7,1751,1799.8,0.9719,16,17.7,0.9118,1,0,0.152,23.1,0
458.0,2169,2229.7,0.9784,15,18.7,0.9165,1,0,0.377,24.2,0
641.2,3037,3121.5,0.9262,23,18.7,0.8789,1,0,0.224,32.7,0
666.5,3157,3244.9,0.99,10,17.1,0.94,1,0,0.293,16.2,0
570.0,2699,2774.8,0.99,8,18.8,0.9494,1,0,0.144,18.0,0
512.7,2428,2496.2,0.9719,16,18.4,0.9118,1,0,0.374,24.6,0
248.4,1176,1209.3,0.99,11,19.3,0.9353,1,0,0.327,21.6,0
418.5,1982,2037.7,0.8936,28,18.0,0.8554,1,0,0.318,36.6,0
442.0,2093,2152.0,0.9001,27,18.4,0.8601,1,0,0.187,36.3,0
136.0,644,662.2,0.99,8,18.4,0.9494,1,0,0.201,17.2,0
606.7,2873,2953.8,0.9653,17,18.2,0.9071,1,0,0.306,25.2,0
224.3,1062,1091.9,0.9066,26,19.0,0.8648,1,0,0.34,36.6,0
528.8,2504,2574.3,0.99,13,19.4,0.9259,1,0,0.181,23.5,0
543.0,2572,2643.7,0.9849,14,18.4,0.9212,1,0,0.301,22.5,0
516.1,2444,2512.8,0.9653,17,18.5,0.9071,1,0,0.207,25.9,0
516.8,2448,2516.1,0.8871,29,17.6,0.8507,1,0,0.357,36.8,0
570.9,2704,2779.3,0.9849,14,17.3,0.9212,1,0,0.194,20.1,0
431.5,2043,2100.5,0.9001,27,17.9,0.8601,1,0,0.37,35.3,0
262.6,1243,1278.3,0.9784,15,17.3,0.9165,1,0,0.226,21.2,0
193.8,917,943.4,0.9719,16,19.0,0.9118,1,0,0.124,25.8,0
575.2,2724,2800.4,0.9784,15,18.7,0.9165,1,0,0.383,24.1,0
523.3,2478,2547.7,0.99,10,17.9,0.94,1,0,0.369,17.9,0
653.2,3094,3180.2,0.99,8,19.5,0.9494,1,0,0.225,19.5,0
521.7,2471,2539.8,0.99,8,19.0,0.9494,1,0,0.195,18.5,0
157.3,744,765.6,0.9132,25,18.6,0.8695,1,0,0.226,34.6,0
264.3,1252,1286.8,0.9653,17,18.1,0.9071,1,0,0.284,25.0,0
386.6,1831,1882.3,0.8871,29,17.4,0.8507,1,0,0.274,36.4,0
149.9,710,729.8,0.99,8,17.3,0.9494,1,0,0.238,14.9,0
270.6,1281,1317.4,0.9001,27,18.7,0.8601,1,0,0.243,37.0,0
139.6,661,679.7,0.9132,25,17.9,0.8695,1,0,0.382,33.2,0
609.8,2888,2969.0,0.99,11,17.9,0.9353,1,0,0.143,18.7,0
667.9,3163,3251.5,0.9001,27,18.2,0.8601,1,0,0.252,35.9,0
522.7,2475,2544.5,0.9719,16,18.8,0.9118,1,0,0.399,25.4,0
283.4,1342,1379.7,0.99,10,18.1,0.94,1,0,0.106,18.3,0
269.4,1276,1311.6,0.99,10,18.9,0.94,1,0,0.346,19.9,0
133.6,632,650.6,0.9066,26,17.6,0.8648,1,0,0.361,33.6,0
579.8,2746,2822.5,0.9523,19,19.1,0.8977,1,0,0.35,29.3,0
434.3,2057,2114.6,0.99,13,18.1,0.9259,1,0,0.362,20.8,0
410.0,2900,2100.0,0.6095,86,42.0,0.58,1,1,0.881,85.1,1
445.6,3151,2282.2,0.25,171,74.9,0.3,1,1,0.791,98.0,1
350.5,2479,1795.2,0.3088,89,73.8,0.3509,1,1,0.921,98.0,1
624.2,4415,3197.1,0.4023,66,79.4,0.4176,1,1,0.753,97.4,1
636.5,4502,3260.3,0.4551,53,63.1,0.4553,1,1,0.999,89.0,1
575.9,4073,2949.9,0.3738,73,68.6,0.3973,1,1,0.84,95.0,1
539.5,3815,2763.3,0.25,150,80.4,0.3,1,1,0.983,98.0,1
688.9,4872,3528.6,0.25,123,70.6,0.3,1,1,0.762,98.0,1
505.1,3572,2587.3,0.256,102,68.5,0.3132,1,1,0.734,98.0,1
348.1,2462,1783.0,0.3332,83,64.4,0.3683,1,1,0.782,95.5,1
569.5,4028,2917.0,0.3779,72,59.9,0.4002,1,1,0.981,91.7,1
275.7,1949,1412.1,0.2723,98,70.0,0.3248,1,1,0.923,98.0,1
367.0,2595,1879.7,0.3535,78,91.7,0.3828,1,1,0.83,98.0,1
680.8,4815,3487.2,0.25,148,72.2,0.3,1,1,0.726,98.0,1
630.9,4462,3231.5,0.25,157,87.5,0.3,1,1,0.719,98.0,1
128.4,908,657.8,0.386,70,72.8,0.406,1,1,0.775,95.9,1
153.3,1084,785.3,0.4592,52,58.9,0.4582,1,1,0.854,87.3,1
594.9,4208,3047.2,0.4714,49,77.0,0.4669,1,1,0.817,93.2,1
348.2,2462,1783.4,0.2519,103,53.9,0.3103,1,1,0.721,95.7,1
462.4,3270,2368.5,0.25,111,87.8,0.3,1,1,0.87,98.0,1
325.6,2302,1667.5,0.3048,90,66.4,0.348,1,1,0.969,97.6,1
149.1,1054,763.9,0.25,149,53.8,0.3,1,1,0.83,96.0,1
199.7,1412,1022.6,0.25,140,94.9,0.3,1,1,0.784,98.0,1
216.2,1529,1107.6,0.25,166,87.6,0.3,1,1,0.815,98.0,1
599.5,4240,3070.8,0.3698,74,76.9,0.3944,1,1,0.842,98.0,1
248.0,1753,1270.0,0.25,131,83.9,0.3,1,1,0.707,98.0,1
252.5,1786,1293.3,0.451,54,89.6,0.4524,1,1,0.749,95.2,1
470.0,3324,2407.2,0.25,118,82.7,0.3,1,1,0.984,98.0,1
508.4,3596,2604.1,0.25,140,94.5,0.3,1,1,0.762,98.0,1
643.4,4550,3295.2,0.25,113,73.5,0.3,1,1,0.82,98.0,1
475.5,3363,2435.5,0.25,136,72.0,0.3,1,1,0.799,98.0,1
552.9,3910,2831.9,0.3657,75,70.0,0.3915,1,1,0.948,95.9,1
484.9,3429,2483.7,0.4592,52,65.4,0.4582,1,1,0.915,89.6,1
536.1,3792,2746.1,0.4632,51,63.4,0.4611,1,1,0.85,88.7,1
585.1,4138,2997.1,0.3535,78,93.8,0.3828,1,1,0.776,98.0,1
375.3,2654,1922.2,0.25,133,55.9,0.3,1,1,0.928,96.7,1
387.6,2741,1985.2,0.25,146,94.6,0.3,1,1,0.961,98.0,1
296.2,2094,1516.9,0.451,54,60.2,0.4524,1,1,0.959,88.2,1
197.0,1393,1009.0,0.25,109,83.0,0.3,1,1,0.92,98.0,1
638.0,4512,3268.0,0.25,135,57.7,0.3,1,1,0.972,97.3,1
206.3,1459,1056.9,0.25,157,75.7,0.3,1,1,0.864,98.0,1
195.0,840,780.0,0.9744,9,14.0,0.96,1,1,0.294,21.7,0
115.1,495,460.5,0.99,12,13.7,0.9504,1,1,0.112,23.7,0
191.3,823,765.0,0.99,7,13.1,0.9744,1,1,0.396,18.0,0
206.8,890,827.2,0.99,12,13.6,0.9504,1,1,0.213,23.4,0
325.5,1402,1302.2,0.99,8,13.5,0.9696,1,1,0.151,19.8,0
119.3,513,477.1,0.99,7,13.1,0.9744,1,1,0.209,18.0,0
296.5,1277,1186.0,0.99,7,13.2,0.9744,1,1,0.261,18.2,0
225.6,971,902.4,0.9809,14,13.3,0.9408,1,1,0.257,24.8,0
295.8,1274,1183.2,0.99,11,13.2,0.9552,1,1,0.358,21.6,0
85.1,366,340.6,0.9614,17,13.5,0.9264,1,1,0.359,28.4,0
58.7,252,234.7,0.9874,13,13.5,0.9456,1,1,0.144,24.1,0
159.5,686,637.9,0.99,12,13.3,0.9504,1,1,0.379,22.7,0
59.5,256,238.2,0.99,12,13.6,0.9504,1,1,0.145,23.4,0
350.9,1511,1403.5,0.9744,15,13.4,0.936,1,1,0.254,26.0,0
344.4,1483,1377.5,0.9744,15,13.0,0.936,1,1,0.259,25.1,0
153.6,661,614.3,0.9809,14,13.0,0.9408,1,1,0.351,24.0,0
89.3,384,357.2,0.9874,13,12.9,0.9456,1,1,0.353,22.7,0
95.7,412,382.6,0.99,12,13.6,0.9504,1,1,0.185,23.4,0
253.4,1091,1013.8,0.99,6,13.6,0.9792,1,1,0.168,18.4,0
160.2,690,640.9,0.9809,14,12.9,0.9408,1,1,0.136,23.8,0
109.2,470,436.9,0.99,6,13.0,0.9792,1,1,0.229,16.9,0
237.5,1023,950.0,0.99,10,13.2,0.96,1,1,0.173,20.8,0
131.3,565,525.4,0.99,10,13.4,0.96,1,1,0.333,21.3,0
113.5,489,454.2,0.99,7,13.5,0.9744,1,1,0.29,18.9,0
284.0,1223,1135.8,0.9614,17,13.1,0.9264,1,1,0.364,27.4,0
208.7,898,834.6,0.99,8,13.3,0.9696,1,1,0.348,19.4,0
229.8,990,919.4,0.9679,16,13.6,0.9312,1,1,0.306,27.5,0
246.9,1063,987.5,0.99,11,13.1,0.9552,1,1,0.152,21.4,0
190.6,820,762.2,0.99,9,13.0,0.9648,1,1,0.361,19.5,0
296.6,1277,1186.5,0.9679,16,13.4,0.9312,1,1,0.21,27.1,0
303.5,1307,1214.1,0.9744,15,13.0,0.936,1,1,0.326,25.1,0
303.0,1305,1211.8,0.99,6,12.9,0.9792,1,1,0.196,16.7,0
317.8,1368,1271.1,0.9679,16,13.2,0.9312,1,1,0.237,26.6,0
159.8,688,639.4,0.99,9,13.0,0.9648,1,1,0.238,19.5,0
342.9,1477,1371.6,0.9874,13,13.4,0.9456,1,1,0.188,23.9,0
282.6,1217,1130.6,0.9679,16,13.3,0.9312,1,1,0.106,26.8,0
284.1,1223,1136.3,0.99,9,12.9,0.9648,1,1,0.125,19.3,0
103.4,445,413.5,0.99,4,13.5,0.9888,1,1,0.198,16.4,0
305.1,1314,1220.3,0.9614,17,12.9,0.9264,1,1,0.203,27.0,0
147.7,636,590.9,0.99,12,13.2,0.9504,1,1,0.273,22.5,0
116.9,503,467.6,0.99,7,13.7,0.9744,1,1,0.193,19.4,0
64200.0,106000,32000.0,0.5781,210,60.0,0.48,0,1,0.998,90.2,1
51652.7,85283,25745.9,0.25,346,189.0,0.3,0,1,0.952,98.0,1
85445.5,141078,42589.6,0.25,264,91.6,0.3,0,1,0.752,98.0,1
80700.6,133243,40224.6,0.25,267,118.2,0.3,0,1,0.858,98.0,1
87952.2,145217,43839.1,0.25,291,129.4,0.3,0,1,0.766,98.0,1
74928.5,123713,37347.6,0.25,369,135.4,0.3,0,1,0.946,98.0,1
34576.7,57089,17234.5,0.25,280,103.6,0.3,0,1,0.869,98.0,1
53283.8,87976,26558.9,0.25,321,154.0,0.3,0,1,0.919,98.0,1
75316.5,124354,37540.9,0.25,269,126.6,0.3,0,1,0.848,98.0,1
53523.1,88371,26678.2,0.25,376,142.6,0.3,0,1,0.941,98.0,1
62552.8,103280,31179.0,0.25,407,97.4,0.3,0,1,0.945,98.0,1
61142.8,100952,30476.1,0.25,259,141.2,0.3,0,1,0.731,98.0,1
24663.9,40722,12293.6,0.25,117,193.2,0.3,0,1,0.954,98.0,1
42854.4,70756,21360.5,0.25,129,155.8,0.3,0,1,0.817,98.0,1
72322.0,119410,36048.3,0.25,308,126.2,0.3,0,1,0.827,98.0,1
76268.9,125926,38015.7,0.25,366,160.6,0.3,0,1,0.861,98.0,1
42916.0,70858,21391.2,0.25,375,108.8,0.3,0,1,0.722,98.0,1
27630.4,45620,13772.2,0.25,206,117.4,0.3,0,1,0.9,98.0,1
61140.7,100948,30475.1,0.25,388,182.8,0.3,0,1,0.746,98.0,1
29529.3,48755,14718.6,0.25,311,155.8,0.3,0,1,0.961,98.0,1
23493.1,38789,11709.9,0.25,115,106.0,0.3,0,1,0.878,98.0,1
54439.3,89884,27134.9,0.25,419,136.0,0.3,0,1,0.761,98.0,1
81570.4,134680,40658.1,0.25,226,188.8,0.3,0,1,0.901,98.0,1
56571.4,93404,28197.6,0.25,140,105.2,0.3,0,1,0.913,98.0,1
89070.7,147063,44396.6,0.25,236,115.2,0.3,0,1,0.834,98.0,1
107415.2,177352,53540.3,0.25,141,162.2,0.3,0,1,0.892,98.0,1
38024.4,62781,18953.0,0.25,139,120.4,0.3,0,1,0.996,98.0,1
110318.7,182146,54987.5,0.25,321,194.8,0.3,0,1,0.928,98.0,1
67545.3,111523,33667.4,0.25,323,107.6,0.3,0,1,0.892,98.0,1
83118.8,137236,41430.0,0.25,383,140.4,0.3,0,1,0.814,98.0,1
25557.7,42198,12739.1,0.25,123,169.0,0.3,0,1,0.882,98.0,1
63141.9,104253,31472.6,0.25,394,103.8,0.3,0,1,0.735,98.0,1
105733.1,174574,52701.9,0.25,121,192.0,0.3,0,1,0.741,98.0,1
55753.8,92054,27790.1,0.25,160,154.4,0.3,0,1,0.826,98.0,1
99473.6,164239,49581.9,0.25,199,145.6,0.3,0,1,0.752,98.0,1
45632.8,75343,22745.3,0.25,215,127.8,0.3,0,1,0.795,98.0,1
99009.3,163473,49350.4,0.25,212,184.8,0.3,0,1,0.972,98.0,1
82507.4,136227,41125.2,0.25,129,105.0,0.3,0,1,0.798,98.0,1
27327.4,45120,13621.1,0.25,318,159.0,0.3,0,1,0.969,98.0,1
72695.7,120027,36234.6,0.25,281,109.6,0.3,0,1,0.818,98.0,1
67227.1,110998,33508.8,0.25,229,114.2,0.3,0,1,0.752,98.0,1
28400.0,18500,8400.0,0.8452,94,36.0,0.74,0,0,0.905,58.6,1
46817.6,30497,13847.5,0.25,151,62.4,0.3,0,0,0.78,92.8,1
38707.3,25214,11448.6,0.25,138,50.4,0.3,0,0,0.92,87.8,1
16874.5,10992,4991.1,0.25,185,48.2,0.3,0,0,0.804,86.8,1
19963.6,13004,5904.7,0.293,113,49.7,0.3589,0,0,0.931,84.8,1
22040.4,14357,6519.0,0.25,180,44.5,0.3,0,0,0.773,85.3,1
37169.6,24212,10993.8,0.25,170,41.2,0.3,0,0,0.995,83.9,1
9616.2,6264,2844.2,0.25,181,62.8,0.3,0,0,0.741,92.9,1
20546.4,13384,6077.1,0.25,146,48.0,0.3,0,0,0.815,86.8,1
33795.4,22014,9995.8,0.25,135,41.8,0.3,0,0,0.822,84.2,1
46792.7,30481,13840.1,0.3325,106,44.9,0.3848,0,0,0.945,80.9,1
20536.4,13377,6074.1,0.25,159,41.4,0.3,0,0,0.745,84.0,1
46399.9,30225,13723.9,0.25,128,52.2,0.3034,0,0,0.78,88.4,1
45853.4,29869,13562.3,0.25,160,59.2,0.3,0,0,0.907,91.4,1
20661.5,13459,6111.1,0.3268,107,41.6,0.3811,0,0,0.871,79.8,1
49349.6,32146,14596.4,0.479,80,46.1,0.481,0,0,0.882,74.3,1
11315.1,7370,3346.7,0.4339,88,44.5,0.4514,0,0,0.863,75.8,1
10984.6,7155,3249.0,0.3043,111,46.2,0.3663,0,0,0.941,82.8,1
35976.3,23435,10640.9,0.25,144,59.6,0.3,0,0,0.863,91.6,1
50334.5,32788,14887.7,0.25,162,48.4,0.3,0,0,0.906,86.9,1
15472.8,10079,4576.5,0.4733,81,58.8,0.4773,0,0,0.812,79.9,1
9922.7,6463,2934.9,0.541,69,52.1,0.5217,0,0,0.947,73.8,1
14364.7,9357,4248.7,0.4001,94,43.0,0.4292,0,0,0.83,76.8,1
14196.8,9247,4199.0,0.4902,78,45.6,0.4884,0,0,0.806,73.6,1
18058.4,11763,5341.2,0.25,185,50.4,0.3,0,0,0.986,87.8,1
12133.8,7904,3588.9,0.25,121,50.4,0.3293,0,0,0.747,87.2,1
15071.2,9817,4457.7,0.5691,64,40.6,0.5402,0,0,0.97,67.7,1
51048.8,33253,15099.0,0.25,140,48.8,0.3,0,0,0.73,87.1,1
35702.2,23256,10559.8,0.541,69,48.1,0.5217,0,0,0.966,72.2,1
50573.9,32944,14958.5,0.5015,76,57.2,0.4958,0,0,0.941,77.9,1
44325.8,28874,13110.5,0.6311,53,48.1,0.5809,0,0,0.709,67.8,1
26274.4,17115,7771.3,0.25,153,63.1,0.3,0,0,0.775,93.0,1
8907.0,5802,2634.5,0.25,173,49.6,0.3,0,0,0.843,87.4,1
19487.1,12694,5763.8,0.25,160,60.2,0.3,0,0,0.946,91.8,1
14908.1,9711,4409.4,0.25,165,50.9,0.3,0,0,0.802,88.0,1
31506.5,20523,9318.8,0.5522,67,54.1,0.5291,0,0,0.889,74.1,1
36741.5,23933,10867.2,0.25,178,50.3,0.3,0,0,0.989,87.7,1
31146.1,20288,9212.2,0.4395,87,44.6,0.4551,0,0,0.904,75.6,1
49375.4,32163,14604.0,0.25,121,61.2,0.3293,0,0,0.829,91.7,1
35391.9,23054,10468.0,0.2705,117,56.4,0.3441,0,0,0.738,88.7,1
28624.3,18646,8466.3,0.25,155,49.4,0.3,0,0,0.802,87.3,1
9000.0,9100,4200.0,0.5,52,40.0,0.55,0,0,0.902,78.5,1
5591.5,5653,2609.4,0.34,63,63.6,0.4043,0,0,0.782,85.4,1
10267.1,10381,4791.3,0.27,84,71.9,0.3465,0,0,0.945,92.1,1
9919.8,10030,4629.3,0.25,102,49.3,0.3,0,0,0.873,85.2,1
4763.3,4816,2222.9,0.4367,34,56.7,0.484,0,0,0.799,77.8,1
6551.2,6624,3057.2,0.2867,79,53.1,0.3603,0,0,0.885,84.2,1
3521.5,3560,1643.4,0.3,75,73.5,0.3713,0,0,0.852,91.1,1
10482.2,10598,4891.7,0.25,99,55.1,0.3053,0,0,0.742,87.3,1
7587.7,7672,3540.9,0.25,102,52.3,0.3,0,0,0.735,86.3,1
5537.5,5599,2584.2,0.25,91,58.7,0.3272,0,0,0.91,88.2,1
14411.2,14571,6725.2,0.32,69,80.0,0.3878,0,0,0.883,91.0,1
5202.3,5260,2427.7,0.32,69,73.2,0.3878,0,0,0.829,90.0,1
6633.7,6707,3095.7,0.42,39,78.7,0.4703,0,0,0.86,85.9,1
13858.2,14012,6467.2,0.42,39,76.9,0.4703,0,0,0.779,85.9,1
16121.6,16300,7523.4,0.3733,53,53.3,0.4318,0,0,1.0,79.8,1
3864.9,3907,1803.6,0.25,97,58.3,0.3108,0,0,0.896,88.4,1
6904.0,6980,3221.9,0.2567,88,50.5,0.3355,0,0,0.97,84.8,1
13973.4,14128,6520.9,0.39,48,54.8,0.4455,0,0,0.784,79.5,1
12410.6,12548,5791.6,0.38,51,74.1,0.4373,0,0,0.809,87.3,1
7328.6,7409,3420.0,0.2967,76,86.7,0.3685,0,0,0.755,92.2,1
4647.4,4699,2168.8,0.3667,55,71.3,0.4263,0,0,0.83,86.9,1
6560.4,6633,3061.5,0.41,42,69.5,0.462,0,0,0.751,84.0,1
3934.9,3978,1836.3,0.25,100,73.2,0.3025,0,0,0.909,94.2,1
16198.4,16378,7559.2,0.36,57,80.9,0.4208,0,0,0.783,89.0,1
3758.2,3799,1753.8,0.3567,58,83.7,0.418,0,0,0.738,89.2,1
8902.0,9000,4154.2,0.46,27,74.9,0.5033,0,0,0.995,78.7,1
10603.2,10720,4948.1,0.4267,37,65.9,0.4758,0,0,0.785,81.7,1
7885.7,7973,3680.0,0.3933,47,53.3,0.4483,0,0,0.811,78.8,1
9657.2,9764,4506.7,0.4267,37,78.3,0.4758,0,0,0.843,85.5,1
8858.7,8957,4134.1,0.45,30,59.3,0.495,0,0,0.781,75.6,1
9532.6,9638,4448.5,0.35,60,56.8,0.4125,0,0,0.8,82.3,1
15228.4,15397,7106.6,0.2867,79,73.3,0.3603,0,0,0.992,91.8,1
5971.6,6037,2786.7,0.4133,41,58.3,0.4648,0,0,0.843,79.6,1
12844.2,12986,5994.0,0.2833,80,74.8,0.3575,0,0,0.84,92.5,1
6188.8,6257,2888.1,0.25,101,85.1,0.3,0,0,0.993,95.2,1
9133.6,9235,4262.3,0.3567,58,67.9,0.418,0,0,0.714,86.1,1
9392.2,9496,4383.0,0.2567,88,60.3,0.3355,0,0,0.904,88.4,1
11624.3,11753,5424.7,0.3467,61,72.8,0.4098,0,0,0.8,88.5,1
13724.1,13876,6404.6,0.25,101,48.9,0.3,0,0,0.833,85.1,1
14420.8,14581,6729.7,0.31,72,68.7,0.3795,0,0,0.762,88.8,1
2764.5,2795,1290.1,0.37,54,83.9,0.429,0,0,0.828,88.5,1
3980.0,4600,1450.0,0.5655,88,66.0,0.42,0,1,0.907,91.8,1
2544.3,2940,926.9,0.25,126,191.2,0.3,0,1,0.713,98.0,1
6293.7,7274,2292.9,0.25,162,229.5,0.3,0,1,0.884,98.0,1
4933.7,5702,1797.5,0.3054,84,236.1,0.3,0,1,0.851,98.0,1
3095.2,3577,1127.7,0.3393,75,153.3,0.3,0,1,0.8,98.0,1
4130.4,4773,1504.8,0.3469,73,197.6,0.3,0,1,0.763,98.0,1
5571.6,6439,2029.9,0.3921,61,200.9,0.3129,0,1,0.907,98.0,1
4563.9,5274,1662.7,0.426,52,239.6,0.3318,0,1,0.734,98.0,1
1276.0,1474,464.9,0.25,109,113.3,0.3,0,1,0.935,98.0,1
6752.5,7804,2460.1,0.25,117,150.7,0.3,0,1,0.775,98.0,1
3360.1,3883,1224.2,0.25,162,156.4,0.3,0,1,0.808,98.0,1
2076.7,2400,756.6,0.4223,53,177.1,0.3297,0,1,0.724,98.0,1
6173.2,7134,2249.0,0.25,148,176.4,0.3,0,1,0.95,98.0,1
6992.2,8081,2547.4,0.426,52,194.3,0.3318,0,1,0.918,98.0,1
4000.8,4624,1457.6,0.25,137,208.3,0.3,0,1,0.837,98.0,1
3183.9,3679,1160.0,0.25,138,164.6,0.3,0,1,0.964,98.0,1
4059.9,4692,1479.1,0.3016,85,199.3,0.3,0,1,0.731,98.0,1
1839.0,2125,670.0,0.25,175,159.9,0.3,0,1,0.934,98.0,1
3321.3,3838,1210.0,0.3242,79,177.5,0.3,0,1,0.748,98.0,1
3793.3,4384,1382.0,0.4223,53,158.6,0.3297,0,1,0.762,98.0,1
3006.8,3475,1095.5,0.4185,54,240.7,0.3276,0,1,0.758,98.0,1
4318.1,4990,1573.2,0.3242,79,198.4,0.3,0,1,0.758,98.0,1
5737.2,6630,2090.2,0.3808,64,225.1,0.3066,0,1,0.723,98.0,1
2356.7,2723,858.6,0.4034,58,204.8,0.3192,0,1,0.898,98.0,1
6506.2,7519,2370.3,0.3318,77,139.9,0.3,0,1,0.757,98.0,1
2991.7,3457,1089.9,0.25,144,185.7,0.3,0,1,0.942,98.0,1
3584.8,4143,1306.0,0.25,147,175.6,0.3,0,1,0.903,98.0,1
5548.1,6412,2021.3,0.25,132,128.0,0.3,0,1,0.81,98.0,1
2316.7,2677,844.0,0.25,139,198.0,0.3,0,1,0.798,98.0,1
1615.4,1867,588.5,0.3318,77,235.0,0.3,0,1,0.76,98.0,1
1658.5,1916,604.2,0.4336,50,236.9,0.336,0,1,0.948,98.0,1
2951.3,3410,1075.2,0.3091,83,107.4,0.3,0,1,0.89,98.0,1
2098.4,2425,764.5,0.4486,46,135.5,0.3444,0,1,0.815,97.4,1
3149.8,3640,1147.6,0.25,137,167.9,0.3,0,1,0.816,98.0,1
4032.5,4660,1469.1,0.4298,51,119.7,0.3339,0,1,0.846,97.0,1
6572.9,7596,2394.7,0.3205,80,128.3,0.3,0,1,0.98,98.0,1
3939.2,4552,1435.1,0.3732,66,189.2,0.3024,0,1,0.756,98.0,1
4701.4,5433,1712.8,0.25,148,231.2,0.3,0,1,0.847,98.0,1
2387.4,2759,869.8,0.25,134,224.0,0.3,0,1,0.746,98.0,1
3796.9,4388,1383.3,0.4524,45,175.3,0.3465,0,1,0.794,97.2,1
5096.5,5890,1856.8,0.25,120,238.9,0.3,0,1,0.818,98.0,1
1800.0,210,185.0,0.973,4,11.0,0.98,0,0,0.312,5.0,0
928.3,108,95.4,0.99,4,9.9,0.99,0,0,0.319,5.0,0
2441.1,284,250.9,0.99,6,9.9,0.99,0,0,0.284,5.1,0
1794.0,209,184.4,0.99,3,9.9,0.99,0,0,0.257,5.0,0
1283.5,149,131.9,0.99,6,9.9,0.99,0,0,0.102,5.1,0
1979.9,230,203.5,0.99,6,9.9,0.99,0,0,0.152,5.1,0
1907.2,222,196.0,0.99,3,9.9,0.99,0,0,0.289,5.0,0
2346.8,273,241.2,0.99,3,9.9,0.99,0,0,0.193,5.0,0
731.3,85,75.2,0.99,5,9.9,0.99,0,0,0.265,5.0,0
1878.7,219,193.1,0.99,5,9.9,0.99,0,0,0.179,5.0,0
2973.0,346,305.6,0.99,2,9.9,0.99,0,0,0.219,5.0,0
1767.2,206,181.6,0.99,4,9.9,0.99,0,0,0.188,5.0,0
685.6,79,70.5,0.99,2,9.9,0.99,0,0,0.188,5.0,0
2703.4,315,277.9,0.99,3,9.9,0.99,0,0,0.398,5.0,0
3066.0,357,315.1,0.99,7,9.9,0.99,0,0,0.198,5.8,0
2975.1,347,305.8,0.99,3,9.9,0.99,0,0,0.332,5.0,0
1486.6,173,152.8,0.99,7,9.9,0.99,0,0,0.138,5.8,0
1998.1,233,205.4,0.99,7,9.9,0.99,0,0,0.313,5.8,0
2207.6,257,226.9,0.99,2,9.9,0.99,0,0,0.214,5.0,0
1749.5,204,179.8,0.99,3,9.9,0.99,0,0,0.207,5.0,0
831.2,96,85.4,0.99,7,9.9,0.99,0,0,0.154,5.8,0
1886.8,220,193.9,0.99,2,9.9,0.99,0,0,0.237,5.0,0
1403.7,163,144.3,0.99,3,9.9,0.99,0,0,0.225,5.0,0
843.2,98,86.7,0.99,4,9.9,0.99,0,0,0.141,5.0,0
2028.0,236,208.4,0.99,6,9.9,0.99,0,0,0.293,5.1,0
671.8,78,69.0,0.99,7,9.9,0.99,0,0,0.293,5.8,0
2092.7,244,215.1,0.99,7,9.9,0.99,0,0,0.141,5.8,0
2978.5,347,306.1,0.99,2,9.9,0.99,0,0,0.264,5.0,0
1625.5,189,167.1,0.99,2,9.9,0.99,0,0,0.263,5.0,0
2166.5,252,222.7,0.99,2,9.9,0.99,0,0,0.339,5.0,0
1017.3,118,104.6,0.99,6,9.9,0.99,0,0,0.257,5.1,0
1388.1,161,142.7,0.99,2,9.9,0.99,0,0,0.361,5.0,0
1540.9,179,158.4,0.99,6,9.9,0.99,0,0,0.17,5.1,0
1132.7,132,116.4,0.99,7,9.9,0.99,0,0,0.338,5.8,0
2790.8,325,286.8,0.99,6,9.9,0.99,0,0,0.117,5.1,0
2675.5,312,275.0,0.99,4,9.9,0.99,0,0,0.274,5.0,0
2151.2,250,221.1,0.99,6,9.9,0.99,0,0,0.324,5.1,0
2885.6,336,296.6,0.99,3,9.9,0.99,0,0,0.164,5.0,0
1174.1,136,120.7,0.99,2,9.9,0.99,0,0,0.35,5.0,0
1358.8,158,139.7,0.99,3,9.9,0.99,0,0,0.311,5.0,0
2658.1,310,273.2,0.99,4,9.9,0.99,0,0,0.395,5.0,0
5260.0,2300,840.0,0.9762,6,13.0,0.97,0,0,0.376,7.7,0
3965.9,1734,633.3,0.99,4,12.3,0.99,0,0,0.281,5.0,0
1728.5,755,276.0,0.99,9,12.0,0.9749,0,0,0.374,8.0,0
8556.1,3741,1366.4,0.99,4,12.0,0.99,0,0,0.317,5.0,0
5599.2,2448,894.2,0.99,4,12.3,0.99,0,0,0.106,5.0,0
8430.3,3686,1346.3,0.99,11,12.4,0.9651,0,0,0.33,10.6,0
2556.1,1117,408.2,0.99,7,12.0,0.9846,0,0,0.107,6.2,0
3504.2,1532,559.6,0.99,3,12.2,0.99,0,0,0.118,5.0,0
3347.9,1463,534.7,0.99,10,12.4,0.97,0,0,0.167,9.7,0
5239.3,2290,836.7,0.99,4,12.0,0.99,0,0,0.33,5.0,0
2492.6,1089,398.1,0.99,5,12.4,0.99,0,0,0.215,5.6,0
6464.9,2826,1032.4,0.99,4,12.1,0.99,0,0,0.137,5.0,0
6325.3,2765,1010.1,0.99,7,12.3,0.9846,0,0,0.16,7.0,0
5966.0,2608,952.7,0.99,11,12.0,0.9651,0,0,0.111,9.6,0
5073.9,2218,810.3,0.99,11,12.3,0.9651,0,0,0.202,10.4,0
4304.2,1882,687.4,0.99,9,12.4,0.9749,0,0,0.155,8.9,0
8482.8,3709,1354.7,0.99,9,12.0,0.9749,0,0,0.177,8.0,0
6504.4,2844,1038.7,0.99,7,12.2,0.9846,0,0,0.35,6.7,0
8948.9,3913,1429.1,0.99,6,12.2,0.9894,0,0,0.39,5.9,0
1865.9,815,298.0,0.99,11,12.0,0.9651,0,0,0.293,9.6,0
3145.8,1375,502.4,0.99,7,12.0,0.9846,0,0,0.125,6.3,0
5533.0,2419,883.6,0.99,8,11.9,0.9797,0,0,0.307,7.0,0
2272.9,993,363.0,0.99,3,12.1,0.99,0,0,0.156,5.0,0
1670.2,730,266.7,0.99,6,12.2,0.9894,0,0,0.3,5.9,0
6098.0,2666,973.8,0.99,3,12.0,0.99,0,0,0.369,5.0,0
6695.6,2927,1069.3,0.99,10,12.3,0.97,0,0,0.361,9.5,0
4135.8,1808,660.5,0.99,8,11.9,0.9797,0,0,0.223,7.0,0
9386.9,4104,1499.1,0.99,7,12.3,0.9846,0,0,0.177,7.0,0
2512.4,1098,401.2,0.99,7,12.0,0.9846,0,0,0.185,6.3,0
4499.2,1967,718.5,0.99,7,12.2,0.9846,0,0,0.223,6.8,0
2295.1,1003,366.5,0.99,6,12.0,0.9894,0,0,0.137,5.4,0
4657.0,2036,743.7,0.99,7,12.2,0.9846,0,0,0.294,6.7,0
7249.4,3169,1157.7,0.99,10,12.0,0.97,0,0,0.271,8.9,0
5367.8,2347,857.2,0.99,4,11.9,0.99,0,0,0.339,5.0,0
3194.5,1396,510.1,0.99,7,12.2,0.9846,0,0,0.17,6.8,0
9107.2,3982,1454.4,0.99,11,12.3,0.9651,0,0,0.2,10.3,0
3146.6,1375,502.5,0.99,5,12.4,0.99,0,0,0.2,5.6,0
4832.6,2113,771.7,0.99,3,12.0,0.99,0,0,0.317,5.0,0
2670.4,1167,426.5,0.99,5,12.4,0.99,0,0,0.273,5.6,0
6175.6,2700,986.2,0.99,10,12.0,0.97,0,0,0.104,8.8,0
8880.0,3882,1418.1,0.99,9,12.0,0.9749,0,0,0.357,8.0,0
1590.0,680,290.0,0.9828,5,12.0,0.98,0,0,0.305,5.0,0
2581.5,1104,470.8,0.99,4,11.1,0.99,0,0,0.15,5.0,0
1753.5,749,319.8,0.99,7,11.1,0.99,0,0,0.368,6.2,0
763.2,326,139.2,0.99,6,10.9,0.99,0,0,0.28,5.2,0
680.3,290,124.1,0.99,3,10.9,0.99,0,0,0.31,5.0,0
705.7,301,128.7,0.99,9,10.9,0.9849,0,0,0.305,7.6,0
691.0,295,126.0,0.99,9,11.0,0.9849,0,0,0.268,7.7,0
642.1,274,117.1,0.99,4,10.9,0.99,0,0,0.263,5.0,0
1227.6,525,223.9,0.99,9,10.9,0.9849,0,0,0.371,7.6,0
784.8,335,143.1,0.99,9,10.9,0.9849,0,0,0.124,7.6,0
993.1,424,181.1,0.99,6,11.0,0.99,0,0,0.145,5.3,0
1710.2,731,311.9,0.99,9,11.0,0.9849,0,0,0.212,7.7,0
2793.4,1194,509.5,0.99,5,11.0,0.99,0,0,0.117,5.0,0
708.5,303,129.2,0.99,6,11.0,0.99,0,0,0.125,5.3,0
2657.3,1136,484.7,0.99,3,10.9,0.99,0,0,0.28,5.0,0
1729.5,739,315.4,0.99,2,11.0,0.99,0,0,0.104,5.0,0
892.3,381,162.8,0.99,9,11.0,0.9849,0,0,0.313,7.6,0
1824.7,780,332.8,0.99,3,11.0,0.99,0,0,0.139,5.0,0
2774.9,1186,506.1,0.99,7,11.0,0.99,0,0,0.335,6.0,0
1556.9,665,284.0,0.99,4,11.0,0.99,0,0,0.314,5.0,0
1750.8,748,319.3,0.99,7,11.1,0.99,0,0,0.116,6.2,0
1588.2,679,289.7,0.99,6,11.1,0.99,0,0,0.385,5.5,0
2606.6,1114,475.4,0.99,3,10.9,0.99,0,0,0.284,5.0,0
2344.7,1002,427.6,0.99,7,10.9,0.99,0,0,0.246,6.0,0
650.4,278,118.6,0.99,5,10.9,0.99,0,0,0.13,5.0,0
1607.1,687,293.1,0.99,5,10.9,0.99,0,0,0.279,5.0,0
1954.0,835,356.4,0.99,7,11.0,0.99,0,0,0.111,6.1,0
2288.3,978,417.4,0.99,3,11.0,0.99,0,0,0.162,5.0,0
1393.5,595,254.2,0.99,8,10.9,0.9898,0,0,0.23,6.7,0
2815.9,1204,513.6,0.99,9,11.0,0.9849,0,0,0.141,7.6,0
1088.8,465,198.6,0.99,2,11.1,0.99,0,0,0.313,5.0,0
2014.5,861,367.4,0.99,4,10.9,0.99,0,0,0.398,5.0,0
2798.3,1196,510.4,0.99,5,11.0,0.99,0,0,0.224,5.0,0
1150.5,492,209.8,0.99,8,11.0,0.9898,0,0,0.172,6.8,0
1244.2,532,226.9,0.99,6,11.0,0.99,0,0,0.226,5.3,0
2554.4,1092,465.9,0.99,4,11.0,0.99,0,0,0.293,5.0,0
1956.0,836,356.8,0.99,7,11.0,0.99,0,0,0.274,6.1,0
2001.8,856,365.1,0.99,3,11.0,0.99,0,0,0.354,5.0,0
1950.8,834,355.8,0.99,8,11.1,0.9898,0,0,0.349,6.9,0
1289.7,551,235.2,0.99,4,11.0,0.99,0,0,0.349,5.0,0
822.0,351,149.9,0.99,9,11.0,0.9849,0,0,0.137,7.6,0
610.0,1450,980.0,0.9082,44,38.0,0.72,0,1,0.845,69.8,1
703.7,1672,1130.5,0.551,74,73.2,0.4896,0,1,0.849,90.9,1
748.7,1779,1202.8,0.6963,50,72.1,0.576,0,1,0.995,84.1,1
970.6,2307,1559.3,0.4904,84,76.4,0.4536,0,1,0.997,93.8,1
671.7,1596,1079.2,0.7931,34,46.2,0.6336,0,1,0.793,69.3,1
690.4,1641,1109.2,0.6902,51,71.3,0.5724,0,1,0.737,84.0,1
307.4,730,493.9,0.8173,30,45.6,0.648,0,1,0.923,65.4,1
466.7,1109,749.8,0.6297,61,62.1,0.5364,0,1,0.89,83.2,1
1080.9,2569,1736.6,0.5631,72,77.1,0.4968,0,1,0.943,90.4,1
1054.0,2505,1693.3,0.551,74,59.9,0.4896,0,1,0.746,86.1,1
646.9,1537,1039.3,0.6297,61,54.3,0.5364,0,1,0.864,80.2,1
548.3,1303,880.8,0.4965,83,59.8,0.4572,0,1,0.877,88.6,1
1032.3,2453,1658.5,0.5994,66,48.1,0.5184,0,1,0.967,79.2,1
264.2,628,424.4,0.7507,41,61.3,0.6084,0,1,0.926,77.3,1
221.5,526,355.9,0.5207,79,73.6,0.4716,0,1,0.924,92.3,1
709.8,1687,1140.3,0.7205,46,56.2,0.5904,0,1,0.801,76.7,1
841.7,2000,1352.3,0.5631,72,67.9,0.4968,0,1,0.729,88.7,1
881.9,2096,1416.8,0.6902,51,71.7,0.5724,0,1,0.804,84.2,1
327.8,779,526.6,0.6902,51,52.8,0.5724,0,1,0.849,76.7,1
990.4,2354,1591.1,0.6841,52,73.0,0.5688,0,1,0.798,84.7,1
520.2,1236,835.7,0.4844,85,55.2,0.45,0,1,0.848,87.3,1
445.4,1058,715.5,0.6236,62,55.5,0.5328,0,1,0.841,80.9,1
253.5,602,407.3,0.4844,85,58.5,0.45,0,1,0.928,88.6,1
1068.7,2540,1716.9,0.8476,25,55.5,0.666,0,1,0.83,64.2,1
368.4,875,591.8,0.8416,26,62.4,0.6624,0,1,0.938,67.9,1
488.4,1160,784.6,0.7205,46,52.6,0.5904,0,1,0.835,75.2,1
320.9,762,515.5,0.6781,53,71.8,0.5652,0,1,0.853,84.8,1
373.4,887,599.9,0.7265,45,76.6,0.594,0,1,0.716,82.7,1
767.6,1824,1233.1,0.7447,42,75.6,0.6048,0,1,0.808,81.8,1
630.5,1498,1012.9,0.7689,38,65.1,0.6192,0,1,0.921,77.9,1
506.5,1203,813.7,0.5207,79,45.6,0.4716,0,1,0.765,81.8,1
886.6,2107,1424.4,0.6539,57,54.3,0.5508,0,1,0.859,79.0,1
851.4,2023,1367.8,0.7265,45,49.0,0.594,0,1,0.975,73.5,1
282.5,671,453.8,0.7144,47,65.2,0.5868,0,1,0.719,80.5,1
309.7,736,497.6,0.6539,57,61.1,0.5508,0,1,0.762,81.7,1
1092.2,2596,1754.6,0.6418,59,54.8,0.5436,0,1,0.884,79.8,1
498.0,1183,800.1,0.8476,25,61.6,0.666,0,1,0.812,66.6,1
664.2,1578,1067.0,0.6781,53,61.4,0.5652,0,1,0.706,80.7,1
202.1,480,324.7,0.781,36,54.2,0.6264,0,1,0.829,73.0,1
1007.3,2394,1618.3,0.7326,44,48.8,0.5976,0,1,0.937,73.2,1
432.3,1027,694.5,0.5328,77,74.9,0.4788,0,1,0.943,91.8,1
1334.0,3074,3160.0,0.9747,24,19.0,0.94,0,1,0.293,41.3,0
676.4,1558,1602.3,0.9747,15,20.1,0.9165,0,1,0.298,36.3,0
1886.8,4347,4469.6,0.9487,19,21.4,0.8977,0,1,0.961,43.2,1
2142.2,4936,5074.5,0.8057,41,19.3,0.7943,0,1,0.269,56.8,0
992.3,2286,2350.6,0.9032,26,22.1,0.8648,0,1,0.711,52.2,1
1379.8,3179,3268.4,0.9877,13,18.7,0.9259,0,1,0.388,31.3,0
1192.8,2748,2825.4,0.7862,44,19.6,0.7802,0,1,0.233,58.4,0
967.1,2228,2290.8,0.99,12,18.7,0.9306,0,1,0.161,30.4,0
1270.5,2927,3009.6,0.9812,14,21.6,0.9212,0,1,0.904,38.3,1
1313.6,3026,3111.6,0.9032,26,19.4,0.8648,0,1,0.309,46.7,0
633.9,1460,1501.5,0.8447,35,20.4,0.8225,0,1,0.193,57.1,0
1506.5,3471,3568.7,0.9162,24,18.4,0.8742,0,1,0.176,42.5,0
1562.9,3601,3702.2,0.9617,17,21.5,0.9071,0,1,0.829,41.3,1
1937.3,4464,4589.0,0.8642,32,21.4,0.8366,0,1,0.775,57.2,1
889.0,2048,2105.8,0.9877,13,18.6,0.9259,0,1,0.311,31.1,0
1096.7,2527,2597.9,0.7992,42,19.6,0.7896,0,1,0.381,57.7,0
2175.1,5012,5152.5,0.9877,13,18.9,0.9259,0,1,0.398,31.7,0
1308.4,3014,3099.3,0.8122,40,21.2,0.799,0,1,0.976,60.3,1
893.9,2059,2117.5,0.8187,39,20.1,0.8037,0,1,0.33,57.7,0
1366.5,3148,3236.9,0.8252,38,19.9,0.8084,0,1,0.331,57.0,0
1467.6,3381,3476.4,0.9617,17,21.3,0.9071,0,1,0.72,40.9,1
470.6,1084,1114.7,0.9422,20,19.4,0.893,0,1,0.364,40.3,0
1065.9,2456,2524.9,0.9292,22,18.6,0.8836,0,1,0.119,40.8,0
1419.1,3270,3361.6,0.9747,15,18.7,0.9165,0,1,0.349,33.4,0
1628.6,3752,3857.9,0.9292,22,19.6,0.8836,0,1,0.326,42.8,0
1251.2,2883,2963.9,0.8577,33,21.2,0.8319,0,1,0.847,57.8,1
1846.2,4254,4373.4,0.7992,42,18.6,0.7896,0,1,0.128,55.7,0
1967.9,4534,4661.6,0.9552,18,19.9,0.9024,0,1,0.288,39.1,0
889.8,2050,2107.8,0.9487,19,21.3,0.8977,0,1,0.961,43.1,1
1156.8,2665,2740.2,0.9682,16,21.0,0.9118,0,1,0.755,39.2,1
1923.5,4432,4556.5,0.8837,29,18.6,0.8507,0,1,0.322,48.2,0
797.0,1836,1887.9,0.8707,31,20.6,0.8413,0,1,0.178,54.4,0
2297.0,5293,5441.2,0.9617,17,18.7,0.9071,0,1,0.277,35.6,0
2159.8,4976,5116.2,0.8252,38,20.6,0.8084,0,1,0.252,58.5,0
1057.0,2435,2503.9,0.8707,31,20.5,0.8413,0,1,0.287,54.3,0
1643.1,3786,3892.2,0.8707,31,19.5,0.8413,0,1,0.205,52.2,0
700.0,1613,1658.2,0.7732,46,21.0,0.7708,0,1,0.805,61.8,1
1591.7,3667,3770.4,0.9617,17,21.1,0.9071,0,1,0.753,40.5,1
1344.7,3098,3185.3,0.9682,16,21.2,0.9118,0,1,0.756,39.6,1
2165.7,4990,5130.1,0.9292,22,21.8,0.8836,0,1,0.97,47.3,1
915.1,2108,2167.6,0.8902,28,18.6,0.8554,0,1,0.309,47.2,0
2250.0,1100,720.0,0.9583,9,14.0,0.96,0,0,0.373,12.3,0
3052.3,1492,976.7,0.9583,15,13.3,0.936,0,0,0.331,16.3,0
3712.0,1814,1187.8,0.9583,15,12.9,0.936,0,0,0.155,15.4,0
1497.6,732,479.2,0.9583,15,13.0,0.936,0,0,0.101,15.6,0
3994.8,1953,1278.4,0.9647,14,13.2,0.9408,0,0,0.178,15.0,0
1513.8,740,484.4,0.9583,15,13.0,0.936,0,0,0.163,15.6,0
3399.7,1662,1087.9,0.9519,16,13.0,0.9312,0,0,0.148,16.7,0
3314.6,1620,1060.7,0.99,6,13.6,0.9792,0,0,0.205,8.4,0
917.0,448,293.5,0.99,7,13.3,0.9744,0,0,0.304,8.5,0
3995.7,1953,1278.6,0.99,5,12.9,0.984,0,0,0.314,5.8,0
3779.7,1847,1209.5,0.99,5,13.2,0.984,0,0,0.339,6.5,0
981.6,479,314.1,0.9711,13,13.5,0.9456,0,0,0.274,14.7,0
3540.3,1730,1132.9,0.9647,14,13.2,0.9408,0,0,0.266,15.1,0
2406.9,1176,770.2,0.99,9,12.9,0.9648,0,0,0.33,9.3,0
3058.5,1495,978.7,0.99,7,13.6,0.9744,0,0,0.325,9.2,0
1405.5,687,449.7,0.99,5,13.7,0.984,0,0,0.292,7.7,0
1862.5,910,596.0,0.9775,12,13.1,0.9504,0,0,0.158,12.7,0
3171.4,1550,1014.9,0.9647,14,13.3,0.9408,0,0,0.3,15.3,0
968.4,473,309.9,0.9839,11,13.4,0.9552,0,0,0.274,12.3,0
1487.4,727,476.0,0.9839,11,13.5,0.9552,0,0,0.134,12.5,0
3946.9,1929,1263.0,0.9519,16,13.1,0.9312,0,0,0.203,17.0,0
3150.6,1540,1008.2,0.99,5,12.9,0.984,0,0,0.198,5.9,0
3933.9,1923,1258.9,0.9456,17,13.0,0.9264,0,0,0.217,17.8,0
2359.3,1153,755.0,0.99,8,13.4,0.9696,0,0,0.111,9.6,0
2360.9,1154,755.5,0.99,7,13.6,0.9744,0,0,0.261,9.2,0
3850.5,1882,1232.2,0.9647,14,12.9,0.9408,0,0,0.16,14.4,0
2922.3,1428,935.1,0.99,8,13.6,0.9696,0,0,0.246,10.0,0
1714.0,837,548.5,0.9456,17,13.0,0.9264,0,0,0.371,17.8,0
2396.7,1171,767.0,0.99,10,13.7,0.96,0,0,0.305,11.9,0
2831.1,1384,905.9,0.99,8,13.6,0.9696,0,0,0.255,10.1,0
1815.0,887,580.8,0.99,7,13.2,0.9744,0,0,0.251,8.3,0
1160.3,567,371.3,0.99,5,13.3,0.984,0,0,0.4,6.8,0
2913.2,1424,932.2,0.9519,16,13.1,0.9312,0,0,0.135,17.0,0
2027.0,990,648.6,0.99,10,13.3,0.96,0,0,0.399,11.1,0
905.6,442,289.8,0.9519,16,12.9,0.9312,0,0,0.126,16.5,0
3664.9,1791,1172.8,0.99,7,13.2,0.9744,0,0,0.32,8.3,0
3589.2,1754,1148.6,0.99,5,12.9,0.984,0,0,0.179,5.9,0
1297.0,634,415.0,0.99,10,13.4,0.96,0,0,0.125,11.3,0
1734.4,847,555.0,0.9711,13,13.3,0.9456,0,0,0.267,14.2,0
2986.7,1460,955.7,0.99,10,13.2,0.96,0,0,0.303,10.8,0
2729.4,1334,873.4,0.99,10,13.1,0.96,0,0,0.333,10.5,0
145.0,1850,620.0,0.7258,56,45.0,0.62,0,1,0.786,81.7,1
65.3,832,279.1,0.4403,74,97.8,0.4216,0,1,0.868,96.2,1
222.9,2843,953.0,0.6629,28,107.6,0.5642,0,1,0.938,81.5,1
88.6,1130,378.9,0.4403,74,68.6,0.4216,0,1,0.87,90.5,1
259.5,3310,1109.4,0.2903,105,73.5,0.3255,0,1,0.822,98.0,1
158.0,2015,675.5,0.6629,28,94.1,0.5642,0,1,0.917,81.5,1
130.1,1659,556.3,0.2806,107,90.2,0.3193,0,1,0.834,98.0,1
137.9,1758,589.5,0.6581,29,58.4,0.5611,0,1,0.832,73.4,1
161.5,2060,690.5,0.4161,79,67.5,0.4061,0,1,0.989,91.3,1
141.1,1800,603.3,0.4161,79,101.6,0.4061,0,1,0.745,97.3,1
175.7,2242,751.4,0.4548,71,105.8,0.4309,0,1,0.753,95.5,1
139.0,1773,594.5,0.2806,107,86.2,0.3193,0,1,0.731,98.0,1
141.5,1804,604.8,0.5952,42,107.4,0.5208,0,1,0.867,88.8,1
85.4,1089,365.1,0.6145,38,62.4,0.5332,0,1,0.998,80.1,1
184.2,2350,787.8,0.2855,106,60.9,0.3224,0,1,0.935,95.4,1
94.7,1208,405.1,0.5081,60,73.2,0.465,0,1,0.76,88.8,1
239.3,3052,1023.1,0.3194,99,78.2,0.3441,0,1,0.842,98.0,1
218.6,2789,934.8,0.6629,28,58.5,0.5642,0,1,0.908,72.5,1
208.3,2657,890.6,0.421,78,101.4,0.4092,0,1,0.766,97.1,1
219.1,2795,936.7,0.2952,104,71.1,0.3286,0,1,0.889,98.0,1
249.1,3178,1065.1,0.2855,106,104.9,0.3224,0,1,0.75,98.0,1
156.9,2001,670.9,0.2806,107,80.2,0.3193,0,1,0.891,98.0,1
178.5,2277,763.1,0.4548,71,105.5,0.4309,0,1,0.915,95.5,1
123.6,1576,528.4,0.271,109,84.8,0.3131,0,1,0.891,98.0,1
164.6,2099,703.6,0.421,78,99.5,0.4092,0,1,0.814,97.1,1
56.0,714,239.4,0.271,109,69.8,0.3131,0,1,0.857,98.0,1
88.2,1125,377.3,0.5613,49,93.8,0.4991,0,1,0.758,90.4,1
52.3,667,223.7,0.5419,53,104.4,0.4867,0,1,0.862,91.3,1
83.9,1070,358.7,0.4935,63,86.7,0.4557,0,1,0.809,93.6,1
191.3,2440,817.9,0.6387,33,70.4,0.5487,0,1,0.826,81.4,1
218.0,2781,932.0,0.5806,45,99.8,0.5115,0,1,0.815,89.4,1
54.7,697,233.7,0.4161,79,78.8,0.4061,0,1,0.994,95.1,1
174.4,2225,745.7,0.6194,37,83.4,0.5363,0,1,0.86,86.9,1
99.1,1264,423.9,0.329,97,90.4,0.3503,0,1,0.771,98.0,1
127.2,1622,543.8,0.5371,54,95.8,0.4836,0,1,0.993,91.5,1
77.6,989,331.7,0.6435,32,75.8,0.5518,0,1,0.798,82.2,1
136.8,1745,585.1,0.4452,73,106.2,0.4247,0,1,0.747,95.9,1
116.8,1489,499.2,0.4694,68,71.1,0.4402,0,1,0.864,90.0,1
249.8,3186,1068.1,0.3,103,88.0,0.3317,0,1,0.877,98.0,1
137.5,1754,588.0,0.2806,107,61.5,0.3193,0,1,0.813,95.8,1
164.1,2093,701.6,0.5032,61,59.9,0.4619,0,1,0.986,84.6,1
580.0,2100,540.0,0.5926,72,50.0,0.49,1,1,0.734,89.5,1
466.9,1690,434.7,0.3398,79,121.7,0.321,1,1,0.934,98.0,1
604.7,2189,563.0,0.25,102,90.8,0.3,1,1,0.897,98.0,1
483.3,1749,450.0,0.3793,69,85.3,0.3455,1,1,0.927,96.9,1
494.7,1791,460.6,0.25,138,68.7,0.3,1,1,0.752,97.3,1
591.7,2142,550.9,0.3002,89,123.3,0.3,1,1,0.754,98.0,1
496.3,1796,462.1,0.4069,62,70.2,0.3626,1,1,0.848,91.1,1
775.0,2806,721.6,0.25,127,82.2,0.3,1,1,0.879,98.0,1
915.7,3315,852.5,0.25,128,120.0,0.3,1,1,0.927,98.0,1
580.8,2103,540.8,0.4148,60,108.5,0.3675,1,1,0.896,98.0,1
794.1,2875,739.3,0.4148,60,86.2,0.3675,1,1,0.811,95.5,1
591.6,2141,550.8,0.3595,74,70.0,0.3332,1,1,0.955,93.3,1
913.5,3307,850.5,0.25,123,125.0,0.3,1,1,0.705,98.0,1
1012.2,3664,942.4,0.25,111,74.8,0.3,1,1,0.93,98.0,1
395.8,1432,368.5,0.2647,98,122.7,0.3,1,1,0.848,98.0,1
1038.6,3760,967.0,0.2844,93,94.7,0.3,1,1,0.731,98.0,1
739.1,2676,688.2,0.25,122,110.2,0.3,1,1,0.88,98.0,1
631.1,2285,587.6,0.25,142,73.7,0.3,1,1,0.722,98.0,1
308.9,1118,287.6,0.316,85,92.2,0.3063,1,1,0.869,98.0,1
188.6,682,175.6,0.25,110,114.3,0.3,1,1,0.805,98.0,1
459.3,1662,427.6,0.316,85,95.0,0.3063,1,1,0.717,98.0,1
673.8,2439,627.3,0.3358,80,78.3,0.3185,1,1,0.989,96.9,1
935.2,3385,870.7,0.3832,68,96.3,0.3479,1,1,0.883,98.0,1
855.9,3098,796.9,0.3516,76,119.2,0.3283,1,1,0.984,98.0,1
942.9,3414,877.9,0.25,131,97.5,0.3,1,1,0.71,98.0,1
316.2,1144,294.4,0.482,43,110.0,0.4092,1,1,0.88,94.9,1
560.9,2030,522.2,0.4543,50,100.5,0.392,1,1,0.874,96.3,1
849.5,3075,790.9,0.2647,98,91.7,0.3,1,1,0.852,98.0,1
958.8,3471,892.6,0.4425,53,98.8,0.3846,1,1,0.911,96.8,1
299.4,1084,278.8,0.25,125,69.5,0.3,1,1,0.962,97.6,1
222.7,806,207.4,0.2805,94,89.7,0.3,1,1,0.828,98.0,1
969.6,3510,902.7,0.32,84,98.2,0.3087,1,1,0.906,98.0,1
1034.2,3744,962.9,0.25,112,123.8,0.3,1,1,0.739,98.0,1
1024.5,3709,953.8,0.324,83,102.8,0.3111,1,1,0.71,98.0,1
357.8,1295,333.1,0.4109,61,66.0,0.3651,1,1,0.843,89.6,1
295.6,1070,275.2,0.25,102,112.8,0.3,1,1,0.738,98.0,1
893.5,3235,831.9,0.3911,66,115.0,0.3528,1,1,0.991,98.0,1
720.0,2606,670.4,0.25,106,97.5,0.3,1,1,0.746,98.0,1
827.0,2994,769.9,0.4267,57,97.0,0.3749,1,1,0.834,97.6,1
345.4,1250,321.5,0.2884,92,108.0,0.3,1,1,0.973,98.0,1
792.9,2870,738.2,0.3477,77,77.8,0.3259,1,1,0.712,96.2,1
720.0,3200,680.0,0.6029,65,46.0,0.54,0,1,0.943,86.6,1
679.5,3019,641.7,0.3698,73,96.3,0.3699,0,1,0.843,98.0,1
428.5,1904,404.7,0.25,107,89.7,0.3,0,1,0.714,98.0,1
1149.2,5107,1085.3,0.3577,76,93.7,0.3618,0,1,0.831,98.0,1
1233.4,5481,1164.9,0.4542,52,74.5,0.4266,0,1,0.763,91.4,1
514.2,2285,485.6,0.3457,79,69.6,0.3537,0,1,0.82,95.0,1
618.3,2747,583.9,0.25,107,58.7,0.3,0,1,0.875,95.9,1
699.9,3110,661.0,0.4864,44,72.1,0.4482,0,1,0.733,89.0,1
721.2,3205,681.1,0.5346,32,98.7,0.4806,0,1,0.765,90.7,1
882.2,3921,833.2,0.25,103,67.5,0.3,0,1,0.903,98.0,1
571.8,2541,540.0,0.5065,39,73.4,0.4617,0,1,0.87,88.5,1
352.0,1564,332.4,0.3698,73,58.7,0.3699,0,1,0.892,90.3,1
631.9,2808,596.8,0.2693,98,58.0,0.3024,0,1,0.908,94.9,1
362.4,1610,342.3,0.25,115,60.4,0.3,0,1,0.834,96.5,1
1016.2,4516,959.7,0.4984,41,104.1,0.4563,0,1,0.894,93.4,1
778.2,3458,734.9,0.418,61,96.0,0.4023,0,1,0.837,97.3,1
1138.8,5061,1075.5,0.2774,96,66.2,0.3078,0,1,0.952,97.2,1
377.2,1676,356.2,0.4783,46,77.1,0.4428,0,1,0.879,91.1,1
741.1,3293,699.9,0.25,113,69.8,0.3,0,1,0.885,98.0,1
463.3,2059,437.6,0.3698,73,87.9,0.3699,0,1,0.86,98.0,1
413.3,1836,390.4,0.402,65,103.0,0.3915,0,1,0.747,98.0,1
629.3,2796,594.3,0.3859,69,89.1,0.3807,0,1,0.995,98.0,1
512.7,2278,484.2,0.3135,87,67.5,0.3321,0,1,0.878,95.9,1
982.9,4368,928.3,0.25,120,88.6,0.3,0,1,0.751,98.0,1
886.9,3941,837.6,0.3015,90,104.3,0.324,0,1,0.709,98.0,1
1015.9,4515,959.5,0.25,129,66.1,0.3,0,1,0.92,98.0,1
912.1,4053,861.4,0.2532,102,61.0,0.3,0,1,0.784,96.5,1
1190.5,5291,1124.3,0.25,109,89.5,0.3,0,1,0.733,98.0,1
1188.7,5282,1122.6,0.406,64,103.2,0.3942,0,1,0.847,97.9,1
424.3,1885,400.7,0.3819,70,64.2,0.378,0,1,0.841,91.5,1
239.9,1066,226.6,0.3819,70,80.3,0.378,0,1,0.793,96.8,1
1191.7,5296,1125.5,0.4864,44,101.7,0.4482,0,1,0.832,94.0,1
1045.6,4647,987.5,0.4743,47,74.5,0.4401,0,1,0.895,90.4,1
447.1,1987,422.3,0.3819,70,97.2,0.378,0,1,0.784,98.0,1
450.0,2000,425.0,0.5025,40,69.2,0.459,0,1,0.882,87.3,1
254.3,1130,240.2,0.3135,87,99.2,0.3321,0,1,0.903,98.0,1
289.8,1288,273.7,0.3698,73,106.3,0.3699,0,1,0.837,98.0,1
255.7,1136,241.5,0.3376,81,80.7,0.3483,0,1,0.7,98.0,1
417.8,1856,394.6,0.3135,87,90.2,0.3321,0,1,0.9,98.0,1
1015.1,4511,958.7,0.2733,97,92.2,0.3051,0,1,0.979,98.0,1
340.0,1510,321.1,0.3256,84,75.6,0.3402,0,1,0.826,98.0,1
